Name,4000,4800,5200,5375,5600,5800,5900,6000,6100,6150,6200,6250,6300,6350,6400,6450,6475,6500,6525,6550,6575,6600,6625,6650,6675,6700,6725,6750,6775,6800,6825,6850,6875,6900,6925,6950,6975,7000,7025,7050,7075,7100,7125,7150,7175,7200,7225,7250,7275,7300,7325,7350,7375,7400,7425,7450,7475,7500,7525,7550,7575,7600,7625,7650,7675,7700,7725,7750,7775,7800,7825,7850,7875,7900,8000,8100,8200,8400,8600,8800,9200,9600,10400
Code,D83VGB,C22BMY,D74NS4,D64WVO,A48TKB,D74NS5,E28Z85,D72MYC,E24KWG,E275XY,D733O4,E275XZ,D83VGC,E24KWH,A48TKI,E24KWI,E28Z86,D74NS6,E28Z87,D8369I,D8369O,D72MYD,D83VGD,D83VGE,D83VGF,D74HDF,D75BWY,D75BWZ,D74NS7,D72MYE,D74NS8,D74NS9,D74NTA,D73VL6,D74NTB,D74HDG,D74HDH,D72MYF,D74HDI,D74HDJ,D74C9F,D72MYG,D733O5,D733O6,D733O7,D09YJI,D72Y68,D72Y69,D72WND,D72MYH,D72MYI,D72MYJ,D72MYK,D72MYL,D72MYM,D72MYN,D72MYO,D72MYP,D72MYQ,D72MYR,D72MYS,D72MYT,D90ZXQ,D90ZXS,D90ZXT,D72MYU,D91PTE,D91TBS,D93ZCM,D72MYV,D93ZCN,D93ZCO,D94APV,D72MYW,D72MYX,D93ZCP,D72MYY,D72MYZ,D90ZXU,D72MY0,D72MY1,D74HDK,D92HCA
01/01/2018,,2609,,2063.5,1854,,,,,,,,,,1143,,,,,,,,,,,,,,,,,,,,,,,,,,,,,,,537.5,,,,,,,,,,,,,,,,,,,,,,,,,,,,,,,,,,,,,
02/01/2018,,2569,,2024.5,1815,,,,,,,,,,1102.5,,,,,,,,,,,,,,,,,,,,,,,,,,,,,,,500.5,,,,,,,,,,,,,,,,,,,,,,,,,,,,,,,,,,,,,
03/01/2018,,2592,,2044.5,1833.5,,,,,,,,,,1117.5,,,,,,,,,,,,,,,,,,,,,,,,,,,,,,,514,,,,,,,,,,,,,,,,,,,,,,,,,,,,,,,,,,,,,
04/01/2018,,2621.5,,2073.5,1862,,,,,,,,,,1140,,,,,,,,,,,,,,,,,,,,,,,,,,,,,,,527.5,,,,,,,,,,,,,,,,,,,,,,,,,,,,,,,,,,,,,
05/01/2018,,2631.5,,2080.5,1868,,,,,,,,,,1144.5,,,,,,,,,,,,,,,,,,,,,,,,,,,,,,,533,,,,,,,,,,,,,,,,,,,,,,,,,,,,,,,,,,,,,
08/01/2018,,2614.5,,2065.5,1854,,,,,,,,,,1134.5,,,,,,,,,,,,,,,,,,,,,,,,,,,,,,,525,,,,,,,,,,,,,,,,,,,,,,,,,,,,,,,,,,,,,
09/01/2018,,2644.5,,2094.5,1882.5,,,,,,,,,,1159.5,,,,,,,,,,,,,,,,,,,,,,,,,,,,,,,543.5,,,,,,,,,,,,,,,,,,,,,,,,,,,,,,,,,,,,,
10/01/2018,,2657.5,,2108,1896.5,,,,,,,,,,1174.5,,,,,,,,,,,,,,,,,,,,,,,,,,,,,,,555.5,,,,,,,,,,,,,,,,,,,,,,,,,,,,,,,,,,,,,
11/01/2018,,2679.5,,2129.5,1917.5,,,,,,,,,,1192.5,,,,,,,,,,,,,,,,,,,,,,,,,,,,,,,567.5,,,,,,,,,,,,,,,,,,,,,,,,,,,,,,,,,,,,,
12/01/2018,,2691.5,,2140.5,1928,,,,,,,,,,1200.5,,,,,,,,,,,,,,,,,,,,,,,,,,,,,,,572,,,,,,,,,,,,,,,,,,,,,,,,,,,,,,,,,,,,,
15/01/2018,,2682,,2131.5,1919.5,,,,,,,,,,1193.5,,,,,,,,,,,,,,,,,,,,,,,,,,,,,,,566.5,,,,,,,,,,,,,,,,,,,,,,,,,,,,,,,,,,,,,
16/01/2018,,2661,,2110.5,1898.5,,,,,,,,,,1175.5,,,,,,,,,,,,,,,,,,,,,,,,,,,,,,,555,,,,,,,,,,,,,,,,,,,,,,,,,,,,,,,,,,,,,
17/01/2018,,2630.5,,2081,1869.5,,,,,,,,,,1150,,,,,,,,,,,,,,,,,,,,,,,,,,,,,,,537,,,,,,,,,,,,,,,,,,,,,,,,,,,,,,,,,,,,,
18/01/2018,,2608.5,,2059.5,1848.5,,,,,,,,,,1132,,,,,,,,,,,,,,,,,,,,,,,,,,,,,,,525,,,,,,,,,,,,,,,,,,,,,,,,,,,,,,,,,,,,,
19/01/2018,,2642.5,,2092.5,1881,,,,,,,,,,1161,,,,,,,,,,,,,,,,,,,,,,,,,,,,,,,546,,,,,,,,,,,,,,,,,,,,,,,,,,,,,,,,,,,,,
22/01/2018,,2624,,2074,1862,,,,,,,,,,1142.5,,,,,,,,,,,,,,,,,,,,,,,,,,,,,,,530.5,,,,,,,,,,,,,,,,,,,,,,,,,,,,,,,,,,,,,
23/01/2018,,2644.5,,2094,1882,,,1513,,,,,,,1159.5,,,,,,,991,,,,,,,,830.5,,,,,,,,679.5,,,,608,,,,540,,,,475,459.5,444,429,414,399.5,385,371,357,343.5,330.5,317.5,304.5,,,,256,,,,212.5,,,,173.5,139,,84.5,46.5,,10,1,,
24/01/2018,,2576.5,,2028,1817,,,1451,,,,,,,1101.5,,,,,,,936.5,,,,,,,,779.5,,,,,,,,632.5,,,,563.5,,,,498,,,,436,421,406.5,392,378,364,350,337,324,311,298.5,286,274,,,,229,,,,188.5,,,,152.5,121,,72,39,,8,1,,
25/01/2018,,2531,,1983,1773,,,1408.5,,,,,,,1062,,,,,,,899,,,,,,,,744,,,,,,,,600,,,,532.5,,,,468.5,,,423,408.5,394,379.5,365.5,352,338.5,325.5,312.5,299.5,287.5,275,263.5,252,,,,208.5,,,,170,,,,136,106.5,,61,31.5,,5,0.5,,
26/01/2018,,2583,,2034,1823,,,1456.5,,,,,,,1107.5,,,,,,,942,,,,,,,,785,,,,,,,,638,,,,569,,,,503,487,471.5,456,440.5,426,411,396.5,382.5,368.5,354.5,341,328,315,302.5,290,278,,,,232,,,,191,,,,154.5,123,,72.5,38.5,,7,0.5,,
29/01/2018,,2587.5,,2037.5,1826.5,,,1459.5,,,,,,,1109.5,,,,,,,944,,,,,,,,786.5,,,,,,,,639.5,,,,570,,,,504.5,488.5,472.5,457.5,442,427,412.5,398,383.5,369.5,356,342.5,329,316,303.5,291,279,,,,233.5,,,,192,,,,155.5,124,,73.5,39.5,,7.5,0.5,,
30/01/2018,,2516.5,,1970.5,1761.5,,,1400,,,,,,,1058,,,,,,,897,,,,,,,,745.5,,,,,,,,604,,,,538,,,,475.5,460.5,445.5,431,416.5,402,388,374.5,361,348,335,322,309.5,297.5,285.5,274,262.5,,,,219.5,,,,181,,,,147,117,,69.5,37.5,,7,0.5,,
31/01/2018,,2451.5,,1907,1699,,,1340.5,,,,,,,1002.5,,,,,,,844.5,,,,,,,,696,,,,625.5,,,,558.5,,,,494.5,,,,434.5,420,405.5,391.5,377.5,364,351,338,325,312.5,300,288,276.5,265,253.5,243,232,,,,192,,,,156.5,,,,125.5,98.5,,56.5,29,,5,0.5,,
01/02/2018,,2413.5,,1871,1664,,,1307.5,,,,,,,972,,,,,,,815.5,,,,,,,,668.5,,,,599,,,,533,,,,470,,,,411,396.5,382.5,369,355.5,342.5,329.5,316.5,304,292,280,268.5,257,245.5,235,224.5,214,,,,175.5,,,,141.5,,,,112,86.5,,48,23.5,,3.5,0.5,,
02/02/2018,,2367.5,,1826,1619.5,,,1264.5,,,1094.5,,,,931.5,,,,,,,777,,,,,,,,632.5,,,,564.5,,,,500,,,,438.5,424,409.5,395,381,367,353.5,340.5,327.5,314.5,302,290,278,266,254.5,243.5,232.5,222,211.5,201.5,192,,,,155.5,,,,123.5,,,,96.5,73,,39,18,,2,0.5,,
05/02/2018,,2295.5,,1751.5,1544.5,,,1190.5,,,1022.5,,,,862,,,,,,,711,,,,,,,,571,,,,506,,,,444,,,400.5,386,372.5,358.5,345.5,332,319.5,306.5,294.5,282.5,270.5,259,247.5,237,226,215.5,205.5,195.5,186,177,167.5,159,,,,127,,,,99,,,,75.5,56.5,,28.5,12.5,,1,0.5,,
06/02/2018,,2131,,1597.5,1396,,,1053,,,891.5,,,,738.5,,,,,,,596.5,,,,530.5,,,,467.5,,,,408.5,,380.5,367,354,341,328,315.5,303.5,291.5,280,268.5,257.5,246.5,236,226,216,206.5,197,188,179.5,171,162.5,155,147,140,133,126,119.5,,,,96,,,,76.5,,,,60.5,47.5,,29,17.5,,7,3.5,2,
07/02/2018,,2247,1869.5,1707.5,1502.5,1324,,1151,,,983.5,,,,823.5,,,747,,,,673,,,,601.5,,,550.5,533.5,517,501,485,469,453.5,438.5,423.5,408.5,394,380,366,352,338.5,325.5,312.5,300,287.5,275.5,264,252.5,241.5,230.5,220,210,200,190.5,181,172,163.5,155,147,139.5,,,,111.5,,,,88,,,,68.5,53,,31.5,18.5,,7,3.5,2.5,
08/02/2018,,2142.5,1768.5,1608,1406,1231,,1061,,,898.5,,,,744,,,670.5,,,,600,,,,533,,,484.5,469,453.5,438.5,423.5,409,394.5,380.5,366.5,353,339.5,326.5,314,301.5,289,277,265.5,254.5,243,232.5,222,212,202,192.5,183.5,174.5,166,157.5,149.5,142,134.5,127.5,120.5,114,,,,90.5,,,,71,,,,55,42.5,,25.5,15,,6.5,3.5,2.5,
09/02/2018,,2069.5,1700,1542.5,1344,1173,,1007.5,,,850,,,,701.5,,,631,,,,564,,,,500,,,454,439.5,425,410.5,396.5,383,369.5,356,343,330.5,318,305.5,293.5,282,270.5,259.5,248.5,238,228,218,208,198.5,189.5,180.5,172,164,156,148,140.5,133.5,126.5,120,113.5,107.5,,,,85.5,,,,67,,,,52.5,40.5,,24,14,,5.5,2.5,1.5,
12/02/2018,,2168.5,1797,1638,1437.5,1264,,1095.5,,,934.5,,,,781,,,708,,,,637.5,,,,570.5,554,538,522,506.5,491,475.5,460.5,446,431,417,403,389,375.5,362,349,336,323.5,311.5,299.5,287.5,276,265,254,243.5,233,223,213,203.5,194.5,185.5,177,168.5,160.5,152.5,145,137.5,,,,111,,,,88.5,,,,70,55,,33,19.5,,7,3,2,
13/02/2018,,2153,1781.5,1622.5,1421.5,1248,,1080,,,918.5,,,,765,,,692.5,,,,622,,,,555,539,523,507,491.5,476,461,446,431.5,417,403,389,375.5,362,348.5,336,323,311,299,287,275.5,264,253.5,242.5,232,222,212.5,202.5,193.5,184.5,176,167.5,159.5,151.5,144,136.5,129.5,,,,104.5,,,,83,,,,65,51,,30,17.5,,6,2.5,1.5,
14/02/2018,,2191.5,1816,1654.5,1451,1274.5,,1103,,,938,,,,781,,,706,,,,634,,,,565,548.5,532,516,499.5,484,468.5,453,438,423,408.5,394,380,366.5,353,339.5,326.5,314,301.5,289.5,277.5,266,255,244,233.5,223,213,203.5,194,185,176,167.5,159.5,151.5,143.5,136.5,129.5,,,,103.5,,,,82.5,,,,64.5,50.5,,30,18,,6.5,3,1.5,
15/02/2018,,2225,1848,1686,1481.5,1303.5,,1130.5,,,964,,,,805,,,729,,,,655.5,,,,585.5,568,551.5,534.5,518.5,502,486,470.5,455,440,425,410,395.5,381.5,367.5,354,340.5,327.5,314.5,302,290,278,266.5,255,244,233.5,223,212.5,203,193.5,184,175.5,166.5,158.5,150.5,142.5,135.5,,,,108.5,,,,86,,,,67.5,52.5,,31,18.5,,6.5,3,1.5,
16/02/2018,,2274.5,1894.5,1731,1524.5,1344.5,,1169,,,999.5,,,,837.5,,,759.5,,,,684.5,,,,612,594.5,577,560,543,526,509.5,493.5,477.5,461.5,446,430.5,415.5,400.5,386,372,358,344,330.5,317.5,304.5,292,279.5,267.5,256,244.5,233.5,223,212.5,202,192.5,183,173.5,164.5,156,148,140,,,,111,,,,87,,,,67,50.5,,28,15,,4.5,1.5,0.5,
19/02/2018,,2234,1854,1690.5,1484,1304.5,,1129.5,,,961,,,,800,,,723,,,,649,,,,578,560.5,543.5,527,510.5,494,478,462,446.5,431,416,401,386.5,372,358,344.5,331,317.5,304.5,292,280,268,256,245,233.5,223,212.5,202.5,192.5,183,174,165,156.5,148.5,140.5,132.5,125.5,,,,99,,,,77,,,,59.5,45,,25.5,14,,4.5,2,1,
20/02/2018,,2225,1845,1682,1475,1295.5,,1120.5,,,952,,,,791.5,,,714.5,,,,640.5,,,,570,552.5,535.5,519,502.5,486,470,454,438.5,423.5,408.5,393.5,379,365,351,337,324,310.5,298,285.5,273.5,261.5,250,238.5,227.5,217,207,197,187,178,168.5,160,151.5,143.5,135.5,128.5,121,,,,95.5,,,,74,,,,57,43,,24,13.5,,4.5,2,1,
21/02/2018,,2266,1885,1721,1513.5,1332.5,,1156.5,,,986.5,,,,823.5,,,745.5,,,,670,,,,597.5,580,562.5,545.5,528.5,512,495.5,479,463,447,431.5,416.5,401.5,386.5,372.5,358,344,330.5,317.5,304.5,291.5,279,267,255.5,244,232.5,222,211.5,201,191.5,182,172.5,163.5,155,147,139,131,,,,103.5,,,,80.5,,,,62,47,,26.5,14.5,,5,2,1,
22/02/2018,,2250.5,1870,1706.5,1499.5,1319,,1143.5,,,974,,,,812,,,734.5,,,,660,,,,588,570.5,553.5,536.5,519.5,503,486.5,470.5,454.5,439,424,408.5,394,379.5,365,351,337.5,324,311,298,285.5,273.5,261.5,250,238.5,227.5,217,206.5,196.5,187,177.5,168.5,160,151.5,143.5,135.5,128,,,,101,,,,79,,,,60.5,46,,26,14.5,,5,2,1,
23/02/2018,,2242,1861.5,1697.5,1490.5,1310.5,,1135,,,965.5,,,,803.5,,,726,,,,651.5,,,,580,562.5,545.5,528.5,511.5,495,479,463,447,431.5,416.5,401.5,386.5,372,358,344,330.5,317,304,291.5,279,267,255,243.5,232.5,221.5,211,201,191,181.5,172.5,163.5,155,146.5,138.5,131,123.5,,,,97.5,,,,75.5,,,,58,44,,24.5,13.5,,4.5,2,1,
26/02/2018,,2290,1907.5,1742.5,1533.5,1351.5,,1173.5,,,1001,,,,836,,,757,,,,680,,,,606.5,588.5,570.5,553,536,519,502,485.5,469,453,437,421.5,406,391,376,361.5,347.5,333.5,320,306.5,293.5,281,268.5,256.5,245,233.5,222.5,211.5,201,191,181,172,162.5,154,145.5,137.5,129.5,,,,101.5,,,,78.5,,,,60,45,,25,13.5,,4.5,1.5,1,
27/02/2018,,2271.5,1889.5,1725,1517,1335.5,,1158,,,987,,,,823,,,744.5,,,,668.5,,,,595.5,577.5,560,543,525.5,509,492,476,459.5,443.5,428,412.5,397.5,383,368,354,340,326.5,313,300,287,274.5,262.5,250.5,239,228,217,206.5,196.5,186.5,177,168,159,150.5,142,134,126.5,,,,99.5,,,,77,,,,58.5,44,,24.5,13.5,,4.5,2,1,
28/02/2018,,2236,1855,1691,1483,1302.5,,1126,,,956,,,,793.5,,,715.5,,,,640.5,,,,569,551.5,534.5,517.5,500.5,484,468,452,436,420.5,405.5,390.5,375.5,361.5,347.5,333.5,320,307,294,281.5,269,257,245.5,234,223,212.5,202.5,192.5,182.5,173.5,164.5,155.5,147.5,139,131.5,124,117,,,,91.5,,,,71,,,,54.5,41,,23,13,,4.5,2,1,
01/03/2018,,2169.5,1790.5,1627.5,1421,1242,,1068.5,,,901,,,,742,,,666.5,,,,594,,,,524.5,507.5,491,475,459,443,427.5,412.5,397.5,382.5,368,354,340,326.5,313.5,300.5,287.5,275.5,263,251.5,240,229,218,207.5,197.5,188,178.5,169,160.5,152,143.5,135.5,128,121,114,107,101,,,,78,,,,60,,,,45,33.5,,18.5,10,,3,1,0.5,
02/03/2018,,2094,1717.5,1556,1352,1176,,1005,,,841,,,,686.5,,,613.5,,,,543.5,,,,477,461,445.5,430,414.5,399.5,385,370.5,356,342.5,329,315.5,302.5,289.5,277.5,265.5,253.5,242,231,220,209.5,199.5,189.5,180,170.5,161.5,153,145,137,129,122,115,108,101.5,95.5,89.5,84,,,,64.5,,,,48.5,,,,36,26.5,,14,7.5,,2,1,0.5,
05/03/2018,,2127.5,1749,1586,1380.5,1202.5,,1029.5,,,863,,,,705.5,,,630.5,,,,558.5,,,,490,473.5,457.5,441.5,425.5,410,395,380,365.5,351,337,323,309.5,296.5,283.5,271,258.5,247,235,224,213,202.5,192,182.5,172.5,163.5,154.5,146,137.5,130,122,115,108,101.5,95,89,83.5,,,,63.5,,,,47.5,,,,35,25.5,,13.5,7.5,,2.5,1,0.5,
06/03/2018,,2155.5,1776,1613,1407,1227.5,,1053.5,,,886,,,,726.5,,,650.5,,,,578,,,,508.5,491.5,475,459,442.5,427,411.5,396,381,366.5,352,338,324,310.5,297.5,284.5,272,259.5,247.5,236,224.5,213.5,203,193,183,173,164,155,146.5,138,130,122.5,115.5,108.5,101.5,95.5,89.5,,,,68,,,,51.5,,,,38,28,,15,8,,2.5,1,0.5,
07/03/2018,,2161,1781.5,1618,1412,1232.5,,1058.5,,,890.5,,,,731,,,655,,,,582,,,,512.5,495.5,479,462.5,446.5,430.5,415,400,384.5,370,355.5,341,327.5,313.5,300.5,287.5,274.5,262.5,250,238.5,227,216,205.5,195,185,175,165.5,156.5,148,139.5,131.5,123.5,116.5,109.5,102.5,96,90,,,,68.5,,,,51,,,,37.5,27.5,,14,7.5,,2,1,0.5,
08/03/2018,,2213,1831.5,1667,1459,1278,,1101.5,,,931,,,,768,,,690,,,,615,,,,543,525.5,508.5,491.5,475,458.5,442,426,410.5,395,380,365,350.5,336,322,308.5,295,282,269.5,257,245,233.5,222,211,200.5,190,180,170.5,161,152,143.5,135,127.5,119.5,112.5,105.5,99,,,,75.5,,,,57,,,,42,31,,16.5,8.5,,2.5,1,0.5,
09/03/2018,,2228,1846,1681,1472.5,1290.5,,1113,,,941.5,,,,777,,,698.5,,,,623,,,,550,532.5,515,498,481,464.5,448,432,416,400.5,385,370,355.5,341,326.5,313,299.5,286,273,260.5,248.5,236.5,225,214,203,192.5,182.5,172.5,163,154,145.5,137,129,121,114,106.5,100,,,,76.5,,,,57.5,,,,42.5,31,,16.5,8.5,,3,1,0.5,
12/03/2018,,2220.5,1838.5,1673.5,1465,1283,,1105.5,,,934,,,,770,,,691.5,,,,616,,,,543.5,526,509,492,475,458.5,442,426,410.5,395,379.5,364.5,350,336,322,308,294.5,281.5,269,256.5,244.5,233,221.5,210.5,200,189.5,179.5,170,160.5,152,143.5,135,127,119.5,112.5,105.5,99,,,,76,,,,57.5,,,,43,31.5,,17,9.5,,3,1.5,0.5,
13/03/2018,,2142,1762.5,1599,1392.5,1213.5,,1039,,,871.5,,,,712,,,636.5,,,,563.5,,,,494,477.5,461,444.5,429,413,397.5,382.5,367.5,353,338.5,324.5,311,297.5,284.5,272,259.5,247.5,235.5,224.5,213.5,202.5,192,182,172.5,163.5,154.5,145.5,137.5,129.5,122,114.5,108,101,95,89,83.5,,,,63.5,,,,48,,,,35.5,26.5,,14.5,8,,3,1,0.5,
14/03/2018,,2146,1766.5,1603,1397,1218,,1043.5,,,876,,,,717,,,641,,,,568,,,,498.5,482,465.5,449,433,417,401.5,386.5,371.5,357,342.5,328.5,314.5,301,288,275.5,263,250.5,239,227.5,216.5,205.5,195,185,175.5,166,157,148,140,132,124.5,117,110,103.5,97,91,85,,,,65,,,,49.5,,,,37,27.5,,15.5,9,,3,1.5,0.5,
15/03/2018,,2152.5,1773,1609.5,1403.5,1224.5,,1050.5,,,883,,,,723.5,,,647.5,,,,575,,,,505.5,488.5,472,455.5,439.5,424,408.5,393,378,363.5,349,335,321,307.5,294.5,281.5,269,256.5,245,233.5,222,211,200.5,190.5,180.5,171,162,153,145,136.5,129,121.5,114.5,107.5,101,95,89,,,,68.5,,,,52,,,,39,29.5,,16.5,9.5,,3.5,1.5,0.5,
16/03/2018,,2167.5,1786,1621.5,1414,1233,,1057.5,,,888.5,,,,728,,,651.5,,,,578,,,,508,491,474.5,458,442,426,410.5,395,380,365.5,351,337,323,309.5,296.5,283.5,271,259,247,235.5,224,213.5,203,192.5,183,173.5,164,155.5,147,139,131,123.5,116.5,109.5,103,97,91,,,,70,,,,53.5,,,,40.5,30.5,,17,9.5,,3.5,1.5,0.5,
19/03/2018,,2049,1670.5,1508.5,1304,1127.5,,957,,,794,,,,641.5,,,569.5,,,,501.5,,,,437,421.5,406.5,391.5,377,362.5,348.5,335,321.5,308,295.5,283,270.5,258.5,247,236,225,214.5,204,194,184.5,175.5,166.5,157.5,149.5,141.5,134,126.5,119.5,112.5,106,100,94,88.5,83,78,73,,,,56.5,,,,43,,,,32.5,24.5,,14,8,,3,1,0.5,
20/03/2018,,2080,1700,1537,1331.5,1153.5,,981,,,816.5,,,,661.5,,,588,,,,518.5,,,,452.5,436.5,421,406,391,376,361.5,347.5,333.5,320,307,294,281,269,257,245.5,234,223,212.5,202,192,182.5,173,164,155,147,139,131,123.5,116.5,110,103.5,97,91.5,85.5,80.5,75.5,,,,57.5,,,,43.5,,,,32.5,24.5,,13.5,7.5,,2.5,1,0.5,
21/03/2018,,2039.5,1661,1498.5,1294,1117.5,,946.5,,,784,,,,631,,,559.5,,,,491.5,,,,427.5,412,397,382,367.5,353,339.5,325.5,312.5,299.5,286.5,274,262,250.5,239,227.5,217,206.5,196.5,186.5,177,168,159,150.5,142.5,134.5,127,120,113,106.5,100,94,88.5,83,78,73,68.5,,,,52,,,,39.5,,,,29.5,22,,12,6.5,,2.5,1,0.5,
22/03/2018,,1959,1583.5,1423,1221.5,1048,,881.5,,,724,,,,577.5,,,509,,,,445,,,,384.5,370.5,356,342.5,329,315.5,303,290,278,266,254.5,243,232,221.5,211,201,191,181.5,172.5,164,155.5,147,139.5,132,124.5,117.5,111,104.5,98.5,93,87.5,82,77,72.5,68,63.5,59.5,,,,45.5,,,,34.5,,,,26,19.5,,11,6.5,,2,1,0.5,
23/03/2018,2717.5,1946.5,1572.5,1412.5,1212,1039,,873,,,716,,641.5,,570.5,,,502.5,,,,438.5,423,408,393.5,378.5,364.5,350.5,337,323.5,310.5,297.5,285,273,261,249.5,238,227.5,216.5,206.5,196.5,187,177.5,168.5,160,151.5,143.5,135.5,128.5,121,114.5,108,101.5,95.5,90,84.5,79.5,74.5,70,65.5,61,57.5,,,,43.5,,,,33,,,,24.5,18.5,,10,6,,2,1,0.5,
26/03/2018,2671.5,1901.5,1528.5,1369.5,1170,998.5,,834.5,,,680,,607,,537,,,471,,,,408.5,394,379.5,365,351,337,323.5,310.5,297.5,285,273,261,249.5,238,227,216.5,206,196,186.5,177,168,159,151,142.5,135,127.5,120,113.5,107,100.5,94.5,89,83.5,78,73,68.5,64,60,56,52,48.5,,,,36.5,,,,27,,,,20,14.5,,8,4.5,,1.5,0.5,0.5,
27/03/2018,2772.5,1998,1621,1459.5,1256.5,1081,,912.5,,,752.5,,676,,603,,,533,,499.5,483,467,451,435.5,420,405,390,375.5,361,347.5,333.5,320,307,294.5,282,269.5,258,246.5,235,224,213.5,203.5,193.5,184,174.5,165.5,157,148.5,140.5,133,125.5,118.5,111.5,105,99,93,87.5,82,77,72,67.5,63,,,,48,,,,36,,,,26.5,19.5,,10.5,5.5,,1.5,0.5,0.5,
28/03/2018,2807,2032.5,1655,1493.5,1290,1114.5,,945,,,783.5,,706.5,,632.5,,,561.5,,527.5,511,494.5,478.5,462.5,446.5,431,416,401,386.5,372,358,344,330.5,317.5,304.5,292,279.5,267.5,256,244.5,233.5,222.5,212.5,202,192.5,183,173.5,165,156.5,148,140.5,132.5,125.5,118.5,111.5,105,99,93,87.5,82.5,77,72.5,,,,55.5,,,,42,,,,31.5,23.5,,12.5,7,,2,0.5,0.5,
29/03/2018,2859,2084,1704.5,1541.5,1335.5,1157,,984,,,818.5,,739,,662.5,,,589,,554,536.5,519.5,502.5,485.5,469.5,453,437.5,422,406.5,391.5,377,362.5,348,334.5,321,307.5,295,282,270,258,246.5,235,224.5,213.5,203.5,193.5,184,174.5,166,157,149,141,133.5,126,119,112,106,99.5,94,88.5,83,78,,,,60.5,,,,46.5,,,,35,26.5,,15,9,,3,1.5,0.5,
30/03/2018,2859,2084,1704.5,1541.5,1335.5,1157,,984,,,818.5,,739,,662.5,,,589,,554,536.5,519.5,502.5,485.5,469.5,453,437.5,422,406.5,391.5,377,362.5,348,334.5,321,307.5,295,282,270,258,246.5,235,224.5,213.5,203.5,193.5,184,174.5,166,157,149,141,133.5,126,119,112,106,99.5,94,88.5,83,78,,,,60.5,,,,46.5,,,,35,26.5,,15,9,,3,1.5,0.5,
02/04/2018,2859,2084,1704.5,1541.5,1335.5,1157,,984,,,818.5,,739,,662.5,,,589,,554,536.5,519.5,502.5,485.5,469.5,453,437.5,422,406.5,391.5,377,362.5,348,334.5,321,307.5,295,282,270,258,246.5,235,224.5,213.5,203.5,193.5,184,174.5,166,157,149,141,133.5,126,119,112,106,99.5,94,88.5,83,78,,,,60.5,,,,46.5,,,,35,26.5,,15,9,,3,1.5,0.5,
03/04/2018,2820,2044.5,1666,1503.5,1299,1122,,951.5,,,789,,711,,636.5,,,565,,530.5,514,497.5,481,465,449,433.5,418,403,388,373.5,359.5,345.5,332,318.5,305.5,293,280.5,268.5,256.5,245.5,234,223.5,213,202.5,193,183.5,174,165,156.5,148.5,140.5,132.5,125.5,118.5,111.5,105,99,93,87.5,82,77,72,,,,55.5,,,,42,,,,31.5,23,,12.5,6.5,,2,0.5,0.5,
04/04/2018,2818.5,2043.5,1665,1503,1298.5,1122,,951.5,,,789.5,,712,,637.5,,,566,,532,515,498.5,482,466,450,434.5,419.5,404.5,389.5,375,361,347,333.5,320,307,294.5,282,270,258,246.5,235.5,224.5,214,204,194,184.5,175.5,166.5,157.5,149.5,141.5,133.5,126.5,119.5,112.5,106,99.5,94,88,82.5,77.5,72.5,,,,55.5,,,,42,,,,31,23,,12,6.5,,2,0.5,0.5,
05/04/2018,2983.5,2203.5,1821,1656,1447,1265.5,,1088.5,,,918.5,,836,,756.5,,,679,,642,623.5,605,587,569.5,551.5,534.5,517.5,500.5,484,467.5,451.5,435.5,420,404.5,389.5,375,360.5,346.5,332.5,319,305.5,292.5,280,268,256,244,233,222,211.5,201,191,181,172,163,154,146,138,130,122.5,115.5,108.5,102,,,,79,,,,60.5,,,,45.5,33.5,,18,9.5,,2.5,1,0.5,
06/04/2018,2960,2181,1798.5,1634,1425.5,1244,,1068,,,898,,816.5,,737,,,660.5,,623.5,605,587,569,551.5,534,517,500,483.5,467,451,435,419.5,404.5,389.5,374.5,360,346,332,318.5,305.5,292.5,280,267.5,256,244,233,222,211.5,201,191,181.5,172,163,154.5,146,138,130.5,123,116,109.5,103,97,,,,75,,,,57.5,,,,43.5,32.5,,18,9.5,,3,1,0.5,
09/04/2018,2976,2196,1812.5,1647.5,1438.5,1256,,1079,,,908,,826,,746,,,668.5,,631.5,613,594.5,576.5,559,541.5,524,507,490,473.5,457,441,425.5,410,394.5,380,365,351,337,323,309.5,296.5,284,271.5,259,247.5,236,225,214,203.5,193.5,183.5,174,165,156,148,139.5,132,124.5,117,110.5,103.5,97.5,,,,75,,,,57.5,,,,43,32,,17.5,9,,2.5,1,0.5,
10/04/2018,3049.5,2267.5,1882.5,1716,1505.5,1321.5,,1142,,,968,,884,,802,,,722.5,,684,665,646,627.5,609,591,573,555,537.5,520,503,486,469.5,453,437,421.5,406,390.5,375.5,361,346.5,332.5,319,305.5,292.5,279.5,267,255,243.5,232,220.5,210,199.5,189.5,179.5,170,161,152.5,144,136,128,120.5,113.5,,,,88,,,,67,,,,50.5,37.5,,19.5,10,,2.5,0.5,0.5,
11/04/2018,3045,2263,1878,1712,1501.5,1317.5,,1138.5,,,965,,881,,799.5,,,720.5,,681.5,662.5,644,625.5,607,589,571,553,535.5,518.5,501.5,484.5,468,451.5,435.5,420,404.5,389.5,374.5,360,345.5,331.5,318,304.5,291.5,279,266.5,254.5,242.5,231.5,220.5,209.5,199,189,179.5,170,161,152,144,135.5,128,120.5,113.5,,,,88,,,,67,,,,50.5,37.5,,20,10,,2.5,1,0.5,
12/04/2018,3050,2267.5,1882,1715.5,1504.5,1320,,1140,,,966,,881.5,,799.5,,,719.5,,681,662,643,624,605.5,587.5,569,551.5,534,516.5,499,482.5,465.5,449.5,433.5,417.5,402,386.5,371.5,357,342.5,328.5,315,301.5,288.5,275.5,263,251,239.5,228,216.5,206,195.5,185.5,176,166.5,157.5,148.5,140.5,132,124.5,117,110,,,,85,,,,64.5,,,,48,35.5,,18.5,9.5,,2.5,0.5,0.5,
13/04/2018,3060.5,2278,1892,1725.5,1514,1329,,1148,,,973,,888,,805.5,,,725,,686,667,647.5,629,610,591.5,573.5,555.5,537.5,520,502.5,485.5,469,452.5,436,420,404.5,389,373.5,359,344.5,330,316.5,303,289.5,276.5,264,252,240,228.5,217,206.5,196,185.5,176,166.5,157.5,148.5,140,132,124,117,109.5,,,,84.5,,,,64,,,,48,35,,18.5,9.5,,2.5,1,0.5,
16/04/2018,3001.5,2219.5,1834.5,1668,1457,1273,,1093,,,919.5,,835.5,,753.5,,,674.5,,636.5,617.5,599,580.5,562,544,526.5,509,491.5,474.5,458,441.5,425,409.5,393.5,378.5,363.5,349,334.5,320.5,306.5,293,280,267.5,255,243,231.5,220,209,198.5,188,178.5,169,159.5,151,142.5,134,126.5,119,111.5,105,98.5,92,,,,70.5,,,,53,,,,39.5,29,,15.5,8,,2.5,1,0.5,
17/04/2018,3033,2249,1862.5,1695,1482,1296.5,,1114.5,,,938.5,,853,,770,,,689.5,,650.5,631,612,593,574.5,556,538,520,502.5,485,468,451,434.5,418,402,386.5,371,356,341,326.5,312.5,299,285.5,272.5,259.5,247.5,235.5,223.5,212.5,201.5,191,180.5,171,161.5,152.5,143.5,135.5,127.5,119.5,112.5,105.5,99,92.5,,,,70.5,,,,52.5,,,,39,28.5,,15,7.5,,2,1,0.5,
18/04/2018,3118,2333,1945,1777,1563,1375.5,,1192,,,1012.5,,925.5,,840.5,,,757.5,,717,697,677,657.5,638,619,600,581,562.5,544,526,508,490.5,473,456,439.5,423,406.5,391,375,360,345,330.5,316,302,288.5,275,262.5,249.5,237.5,225.5,214.5,203,192.5,182,172,162.5,153.5,144.5,136,128,120,113,,,,86.5,,,,65.5,,,,48.5,35.5,,18.5,9.5,,3,1,0.5,
19/04/2018,3135,2350,1962,1793.5,1579.5,1392,,1208,,,1028.5,,941,,855.5,,,772,,731,711,691,671.5,652,632.5,613.5,594.5,575.5,557,539,521,503,485.5,468.5,451.5,434.5,418,402,386.5,371,355.5,341,326,312,298,284.5,271.5,258.5,246.5,234,222.5,211,200,189.5,179.5,169.5,160,151,142,134,125.5,118,,,,91,,,,68.5,,,,51,37.5,,20,10.5,,3,1,0.5,
20/04/2018,3166.5,2380.5,1992,1823.5,1609,1421,,1236,,,1055.5,,968,,881.5,,,797.5,,756.5,736,716,696,676.5,657,637.5,618,599,580.5,562,543.5,525.5,507.5,490,473,456,439,422.5,406.5,390.5,375,359.5,344.5,330,316,302,288,275,262,249.5,237.5,225.5,214,203,192,181.5,171.5,162,153,144,135.5,127,,,,98,,,,74,,,,55,40.5,,20.5,10,,2.5,0.5,0.5,
23/04/2018,3207,2420.5,2031,1862.5,1647,1458,,1272,,,1090.5,,1001.5,,914.5,,,829.5,,787.5,767,746.5,726,706,686,666,646.5,627,608,589,570,551.5,533.5,515.5,497.5,480,463,446,429,412.5,396.5,380.5,365,350,335,320.5,306.5,292.5,279,266,253,241,228.5,217,206,195,184.5,174,164.5,155,146,137,,,,106,,,,80.5,,,,60,44,,23,11.5,,3,1,0.5,
24/04/2018,3224.5,2438,2048.5,1879.5,1664,1474.5,,1288,,,1106,,1016.5,,929,,,843,,801,780.5,759.5,739,719,698.5,679,659,639.5,620,601,582,563,544.5,526.5,508.5,490.5,473,456,439,422,406,390,374,358.5,343.5,328.5,314,300,286.5,273,260,247,235,223,211.5,200,189.5,179,169,159,150,141,,,,109,,,,82.5,,,,61.5,45,,23,11.5,,3,1,0.5,
25/04/2018,3185.5,2399.5,2010.5,1841.5,1627,1438,,1252.5,,,1071.5,,983,,896,,,811,,769.5,749,729,708.5,688.5,668.5,649,629.5,610.5,591.5,572.5,554,535.5,517.5,499.5,482,464.5,447.5,430.5,414,398,382,366.5,351,336,321.5,307.5,293.5,279.5,266.5,253.5,241,229,217,205.5,194.5,184,173.5,164,154.5,145,136.5,128,,,,98,,,,73.5,,,,54,39,,19.5,9.5,,2,0.5,0.5,
26/04/2018,3230.5,2443.5,2053.5,1884.5,1668.5,1479,,1292,,,1109,,1019.5,,931,,,845,,802.5,782,761,740.5,720,699.5,679.5,659.5,640,620,601,582,563,544,525.5,507.5,489.5,472,454.5,437.5,420.5,404,388,372,356.5,341,326,311.5,297,283,269.5,256.5,243.5,231.5,219,207.5,196.5,185.5,175,165,155,146,137,,,,105,,,,78.5,,,,58,42,,21,10,,2.5,0.5,0.5,
27/04/2018,3314.5,2526.5,2136,1966,1749.5,1559,,1371,,,1186.5,,1096,,1006.5,,,919,,876,854.5,833.5,812,791.5,770.5,750,729.5,709,689,669,649,629.5,610,591,572,553.5,535,516.5,498.5,481,463.5,446.5,429.5,413,396.5,380.5,365,349.5,334.5,319.5,305,291,277.5,264,251.5,238.5,226.5,214.5,203.5,192,181.5,171.5,,,,134,,,,103,,,,77.5,57,,29.5,14.5,,3.5,1,0.5,
30/04/2018,3319.5,2531,2140.5,1970.5,1754,1563,,1375,,,1190,,1099,,1009.5,,,921.5,,878.5,857,835.5,814.5,793.5,772.5,751.5,731,710.5,690.5,670.5,650.5,631,611.5,592,573,554,535.5,517.5,499,481.5,464,446.5,429.5,412.5,396.5,380,364.5,349,333.5,319,304.5,290,276.5,263,250,237.5,225,213,201.5,190.5,180,169.5,,,,132,,,,101,,,,75.5,55.5,,28,13.5,,3,1,0.5,
01/05/2018,3330,2542,2151,1981,1764.5,1573.5,,1385,,,1199.5,,1108.5,,1019,,,930.5,,887,865.5,844,823,802,781,760,739.5,719,698.5,678.5,658.5,638.5,619,599.5,580.5,561.5,542.5,524,506,488,470,452.5,435.5,418.5,402,385.5,370,354,339,324,309,295,281,267.5,254,241.5,229,217,205,194,183,172.5,,,,134.5,,,,103,,,,77,56.5,,29,14,,3.5,1,0.5,
02/05/2018,3367.5,2578.5,2187.5,2017.5,1800,1608.5,,1419.5,,,1233.5,,1142,,1051.5,,,962.5,,919,897,875.5,854,833,811.5,790.5,769.5,749,728,708,687.5,667.5,647.5,628,608.5,589,570,551,532.5,514,496,478.5,460.5,443.5,426.5,409.5,393.5,377,361.5,346,331,316,301.5,287.5,274,260.5,247.5,235,223,211,199.5,188.5,,,,148.5,,,,114.5,,,,87,64.5,,34,17,,4,1.5,0.5,
03/05/2018,3319.5,2531,2140.5,1970.5,1754,1563,,1375,,,1190,,1099,,1009.5,,,922,,878.5,857,836,814.5,793.5,773,752,731.5,711,691,671,651,631.5,612,592.5,573.5,555,536.5,518,500,482,464.5,447.5,430.5,413.5,397.5,381.5,365.5,350,335,320,306,291.5,278,264.5,251.5,239,227,215,203.5,192.5,182,171.5,,,,134.5,,,,103,,,,78,57.5,,30,15,,4,1,0.5,
04/05/2018,3382.5,2593.5,2202,2032,1814.5,1622.5,,1433,,,1246.5,,1155,,1064.5,,,975,,931,909.5,887.5,866,844.5,823.5,802,781,760,739.5,719,698.5,678.5,658.5,638.5,619,599.5,580,561,542.5,524,505.5,487.5,470,452.5,435,418,401.5,385.5,369.5,353.5,338.5,323.5,308.5,294.5,280.5,267,254,241,228.5,216.5,205,193.5,,,,152.5,,,,118,,,,89.5,66.5,,34.5,17.5,,4.5,1.5,0.5,
07/05/2018,3382.5,2593.5,2202,2032,1814.5,1622.5,,1433,,,1246.5,,1155,,1064.5,,,975,,931,909.5,887.5,866,844.5,823.5,802,781,760,739.5,719,698.5,678.5,658.5,638.5,619,599.5,580,561,542.5,524,505.5,487.5,470,452.5,435,418,401.5,385.5,369.5,353.5,338.5,323.5,308.5,294.5,280.5,267,254,241,228.5,216.5,205,193.5,,,,152.5,,,,118,,,,89.5,66.5,,34.5,17.5,,4.5,1.5,0.5,
08/05/2018,3389.5,2600.5,2209,2038.5,1821,1629.5,,1440,,,1253.5,,1161.5,,1071,,,982,,938,916,894.5,872.5,851.5,830,808.5,787.5,767,746,725.5,705,685,664.5,645,625,605.5,586.5,567.5,548.5,530,511.5,493.5,476,458.5,441,424,407.5,391,375,359,343.5,328.5,314,299.5,285.5,272,258.5,245.5,233,221,209,198,,,,156,,,,121,,,,92,68.5,,36,18,,4.5,1.5,0.5,
09/05/2018,3476.5,2687,2295,2124,1906,1713.5,,1523,,,1335,,1242.5,,1150.5,,,1060.5,,1015.5,993.5,971,949,927.5,905.5,884,862.5,841,819.5,798.5,777.5,757,736,715.5,695.5,675.5,655.5,635.5,616,596.5,577.5,558.5,540,521.5,503.5,485.5,468,450.5,433.5,416.5,400,384,368,352.5,337.5,322.5,308,294,280,266.5,253.5,241,,,,194,,,,153.5,,,,119,91,,50,26,,6.5,2,1,
10/05/2018,3547.5,2757.5,2365.5,2194.5,1976,1783.5,,1592.5,,,1403.5,,1310.5,,1218,,,1127,,1082,1059.5,1037,1015,992.5,970.5,948.5,927,905,883.5,862,840.5,819.5,798.5,777.5,757,736,716,695.5,675.5,655.5,636,616.5,597,578,559.5,540.5,522.5,504,486.5,469,451.5,434.5,417.5,401.5,385,369.5,354,338.5,324,309.5,295.5,281.5,,,,230,,,,185,,,,146,113,,64.5,34.5,,9,2.5,1,
11/05/2018,3569,2779,2386.5,2215.5,1996.5,1803.5,,1612,,,1423,,1329.5,,1236.5,,,1145,,1099.5,1077,1054.5,1032,1010,987.5,965.5,943.5,921.5,900,878.5,857,835.5,814,793,772,751.5,731,710.5,690,670,650,630.5,611,591.5,572.5,554,535,517,499,481,463.5,446,429,412.5,396,380,364.5,349,334,319,305,291,277,264,251,238.5,,,,192,,,,152.5,118.5,,68,37,19.5,10,3,1,
14/05/2018,3550.5,2760.5,2368,2197,1978.5,1785,,1593.5,,,1404.5,,1311,,1218.5,,,1127,,1081.5,1059,1036.5,1014,992,969.5,947.5,926,904,882.5,860.5,839.5,818,797,776,755,734.5,713.5,693.5,673,653,633.5,614,594.5,575.5,556.5,538,519.5,501,483.5,465.5,448.5,431,414.5,398,382,366,350.5,335.5,320.5,306,292,278.5,265,252,239.5,227,,,,182,,,,143.5,111,,63.5,34,18,9.5,3,1,
15/05/2018,3574,2784.5,2392,2221,2002.5,1809.5,,1618,,,1429,,1335,,1242.5,,,1151,,1105.5,1083,1060.5,1038,1015.5,993.5,971,949,927.5,905.5,884,862.5,841,819.5,798.5,777.5,756.5,736,715.5,695,675,655,635.5,616,596.5,577.5,558.5,539.5,521.5,503,485.5,467.5,450.5,433,416.5,400,384,368,352.5,337.5,322.5,308,294,280,267,254,241,,,,194.5,,,,154,120,,69.5,38,20,10.5,3.5,1.5,
16/05/2018,3584.5,2794.5,2402.5,2231.5,2013,1820,,1628.5,,,1439,,1345.5,,1253,,,1161,,1115.5,1093,1070.5,1048,1026,1003.5,981.5,959.5,937.5,916,894,872.5,851,830,809,788,767,746.5,726,705.5,685,665.5,645.5,626,606.5,587.5,568.5,549.5,531.5,513,495,477.5,460,443,426,409.5,393.5,377.5,362,346.5,331.5,317,303,289,275.5,262.5,249.5,,,,202.5,,,,161.5,126.5,,74,41,22,12,3.5,1.5,
17/05/2018,3627,2837,2445,2274,2055.5,1862.5,,1671,,,1481,,1387,,1294,,,1202,,1156,1133.5,1110.5,1088,1065.5,1043,1021,998.5,976.5,954.5,932.5,910.5,889,867.5,846,824.5,803.5,782.5,761.5,741,720.5,700,679.5,659.5,640,620.5,601,581.5,563,544,525.5,507.5,489.5,472,454.5,437.5,420.5,404,388,372,356.5,341,326.5,312,297.5,284,270.5,257.5,,,221,,,,177.5,140,,83.5,47,25.5,13.5,4,1.5,
18/05/2018,3626.5,2837,2445,2274.5,2056,1863,,1671.5,,,1482,,1388.5,,1295.5,,,1203.5,,1157.5,1135,1112.5,1090,1067.5,1045,1022.5,1000.5,978.5,956.5,934.5,912.5,891,869.5,848,827,806,785,764,743.5,723,702.5,682.5,662.5,642.5,623,604,584.5,566,547,529,510.5,492.5,475,457.5,440.5,424,407.5,391,375.5,360,344.5,329.5,315,301,287.5,274,261,248,,224,,,,180,142.5,,85,48,26,13.5,4,1.5,
21/05/2018,3710.5,2921,2528.5,2357.5,2138.5,1945,,1753,,,1562.5,,1468,,1374.5,,,1282,,1235.5,1213,1190,1167,1144.5,1122,1099,1076.5,1054.5,1032,1010,987.5,965.5,944,922,900.5,879,857.5,836,815,794,773.5,752.5,732,712,691.5,671.5,652,632.5,613,594,575,556,537.5,519.5,501.5,484,466.5,449.5,432.5,416,400,384,368.5,353,338,323.5,309.5,295.5,,268.5,,,,220,177,,109.5,64,35.5,19.5,5.5,2,0.5
22/05/2018,3743,2952.5,2559.5,2388.5,2169,1975.5,,1782.5,,,1591.5,,1497,,1403,,,1309.5,,1263.5,1240.5,1217.5,1194.5,1171.5,1148.5,1126,1103.5,1081,1058.5,1036,1013.5,991.5,969.5,947.5,925.5,904,882,860.5,839.5,818,797,776,755.5,734.5,714,694,674,654,634.5,615,595.5,576.5,557.5,539,521,502.5,485,467.5,450,433,416.5,400,384,368.5,353,338,323.5,309,295,281.5,268,255,,230.5,186,147.5,115,67,37,20,5.5,2,0.5
23/05/2018,3632,2842.5,2450,2279.5,2061,1868,,1677,,,1488,,1394.5,,1301.5,,,1210,,1164.5,1142,1119.5,1097,1074.5,1052.5,1030,1008,986,964.5,942.5,921,899.5,878,857,836,815,794,773.5,753,732.5,712.5,692.5,673,653.5,634,615,596,577,558.5,540.5,522.5,505,487.5,470,453,436.5,420,404,388.5,373,358,343,329,314.5,301,287.5,274.5,262,249.5,237.5,226,215,204,193.5,155,123,95.5,56,31.5,17.5,5.5,2,0.5
24/05/2018,3585,2796,2404.5,2234,2016,1823.5,,1633,,,1445,,1352,,1260,,,1168.5,,1123.5,1101.5,1079,1056.5,1034.5,1012.5,990.5,969,947,925.5,904,883,861.5,840.5,819.5,799,778,758,737.5,717.5,697.5,677.5,658,639,619.5,600.5,582,563.5,545.5,527.5,509.5,492,475,458,441,425,408.5,393,377.5,362.5,347.5,333,319,305,291.5,278.5,265.5,253,241,229.5,218,207,196.5,186,176.5,140.5,110.5,85.5,49,27,14.5,4.5,1.5,0.5
25/05/2018,3584.5,2795.5,2404,2233.5,2015.5,1823,,1632,,,1443.5,,1350.5,,1258,,,1167,,1121.5,1099,1077,1054.5,1032.5,1010,988,966.5,944.5,923,901.5,880,858.5,837.5,816.5,795.5,775,754.5,734,713.5,693.5,674,654,634.5,615.5,596.5,577.5,559,541,522.5,505,487.5,470,453,436,419.5,403.5,388,372,357,342,327.5,313.5,299.5,286,273,260,248,235.5,224,212.5,202,191.5,181,171.5,136,106,81.5,46.5,25.5,13.5,4,1.5,0.5
28/05/2018,3584.5,2795.5,2404,2233.5,2015.5,1823,,1632,,,1443.5,,1350.5,,1258,,,1167,,1121.5,1099,1077,1054.5,1032.5,1010,988,966.5,944.5,923,901.5,880,858.5,837.5,816.5,795.5,775,754.5,734,713.5,693.5,674,654,634.5,615.5,596.5,577.5,559,541,522.5,505,487.5,470,453,436,419.5,403.5,388,372,357,342,327.5,313.5,299.5,286,273,260,248,235.5,224,212.5,202,191.5,181,171.5,136,106,81.5,46.5,25.5,13.5,4,1.5,0.5
29/05/2018,3485,2696.5,2306,2136,1919,1728,,1539,,,1353,,1261.5,,1171,,,1081.5,,1037.5,1016,994,972.5,951,929.5,908,887,866,845,824,803.5,783,763,742.5,722.5,703,683.5,664,644.5,625.5,607,588,570,551.5,533.5,516,498.5,481.5,464.5,448,431.5,415.5,399.5,384,369,354,339.5,325.5,311.5,297.5,284.5,271.5,259,246.5,235,223.5,212,201.5,191,180.5,171,161.5,152.5,144,112.5,86.5,65,35.5,18,9,2,0.5,0.5
30/05/2018,3517,2727.5,2336,2166,1948.5,1757,,1567,,,1380.5,,1288.5,,1197.5,,,1107.5,,1063,1041,1019,997.5,975.5,954,932.5,911,890,869,848,827,806.5,786,765.5,745.5,725.5,705.5,685.5,666.5,647,628,609,590.5,572,553.5,535.5,518,500.5,483,466,449.5,433,417,401,385.5,370,355,340.5,326,312,298.5,285,272,259.5,247,235,223.5,212,201.5,190.5,180.5,170.5,161,152,119,91.5,69,37.5,19,9,2,0.5,0.5
31/05/2018,3532.5,2743,2351,2181,1963,1771.5,,1581.5,,,1394.5,,1302,,1210.5,,,1120.5,,1076,1054,1032,1010,988.5,966.5,945,923.5,902,881,860,839,818,797.5,777,757,736.5,716.5,697,677,657.5,638.5,619.5,600.5,582,563.5,545.5,527.5,510,492.5,475,458.5,441.5,425.5,409.5,393.5,378,363,348,333.5,319.5,305.5,292,278.5,266,253.5,241,229.5,218,207,196,185.5,175.5,166,156.5,123,95,72,39.5,20.5,10,2.5,0.5,0.5
01/06/2018,3546,2756,2364,2193.5,1975.5,1783,,1593,,,1405,,1312,,1220.5,,,1129.5,,1085,1062.5,1040.5,1018.5,996.5,974.5,952.5,931,909.5,888,867,846,825,804,783,762.5,742.5,722,702,682,662.5,643,624,605,586,567.5,549,531,513,495,478,460.5,444,427.5,411,395,379.5,364,349,334,320,306,292,278.5,265.5,253,240.5,229,217,206,195,184.5,174.5,165,155.5,122,93.5,71,38.5,20,10,2.5,1,0.5
04/06/2018,3588,2797.5,2405,2234,2015.5,1822.5,,1631.5,,,1442.5,,1349,,1256.5,,,1165,,1119.5,1097,1074.5,1052.5,1030,1008,986,964,942,920.5,899,877.5,856,835,814,793,772,751.5,731,711,691,671,651,631.5,612.5,593.5,574.5,556,537.5,519.5,501.5,483.5,466.5,449,432.5,416,399.5,383.5,368,353,338,323,309,295,281.5,268,255.5,243,230.5,219,207.5,196.5,186,176,166,130,100.5,76,41.5,21.5,11,3,1,0.5
05/06/2018,3539,2748.5,2356,2185,1966.5,1774,,1583,,,1394.5,,1301.5,,1209.5,,,1118.5,,1073.5,1051.5,1029,1007,985,963,941,919.5,898,876.5,855,834,813,792,771,750.5,730,710,690,670,650.5,631,611.5,592.5,574,555,537,518.5,501,483,466,449,432,415.5,399.5,383.5,368,352.5,337.5,323,309,295,281.5,268,255.5,243,231,219,207.5,196.5,186,176,166,156.5,147.5,114.5,87.5,65.5,35,17.5,8.5,2,0.5,0.5
06/06/2018,3563,2772,2379,2208,1989.5,1796,,1605,,,1415.5,,1322.5,,1230,,,1138.5,,1093,1070.5,1048.5,1026,1004,981.5,959.5,938,916,894.5,873,851.5,830.5,809,788.5,767.5,747,726.5,706,686,666,646.5,627,607.5,588.5,569.5,551,532.5,514,496.5,478.5,461,444,427.5,410.5,394.5,378.5,363,347.5,333,318,304,290,276.5,263,250.5,238,226,214,203,192,181.5,171,161.5,152,118,90,67,35.5,18,8.5,2,0.5,0.5
07/06/2018,3571,2780,2387,2216,1997,1804,,1612,,,1422.5,,1329,,1236,,,1144.5,,1099,1076.5,1054,1031.5,1009.5,987,965,943,921,899.5,878,856.5,835,813.5,792.5,771.5,751,730.5,710,689.5,669.5,649.5,630,610.5,591.5,572,553.5,535,516.5,498.5,480.5,463,446,429,412,396,379.5,364,348.5,333.5,318.5,304.5,290,276.5,263,250.5,237.5,225.5,213.5,202.5,191.5,180.5,170.5,160.5,151,117,89,66,35,17.5,8.5,2,0.5,0.5
08/06/2018,3538.5,2747.5,2355,2184,1965,1772,,1580.5,,,1391.5,,1298,,1205.5,,,1114.5,,1069,1046.5,1024.5,1002,980,958,936,914,892.5,871,849.5,828,807,786,765,744.5,723.5,703.5,683,663,643.5,624,604.5,585,566.5,547.5,529,511,493,475,457.5,440.5,423.5,407,391,375,359.5,344,329,314.5,300,286,272.5,259.5,246.5,234,222,210.5,199,188.5,178,167.5,158,148.5,139.5,107.5,81.5,60,31.5,15.5,7.5,2,0.5,0.5
11/06/2018,3609,2817,2423.5,2252,2032.5,1839,,1646.5,,,1456,,1362,,1268.5,,,1176,,1130.5,1107.5,1085,1062,1039.5,1017.5,995,972.5,950.5,928.5,906.5,885,863.5,842,820.5,799,778,757,736.5,716,695.5,675,655,635,615.5,596,577,558,539,520.5,502.5,484.5,466.5,449,432,415,398.5,382.5,366.5,351,335.5,320.5,306,292,278,264.5,251.5,238.5,226,214.5,202.5,191.5,181,170.5,160.5,124.5,94.5,70.5,37,18,8.5,2,0.5,0.5
12/06/2018,3569.5,2778,2384.5,2213,1993.5,1800,,1608,,,1418,,1324,,1230.5,,,1138.5,,1093,1070.5,1048,1025.5,1003,980.5,958.5,936.5,914.5,892.5,871,849.5,828,806.5,785.5,764.5,743.5,723,702.5,682,662,642,622,602.5,583,564,545,526.5,508,490,472,454.5,437.5,420.5,403.5,387,371,355.5,340,325,310,296,282,268,255,242,229.5,217.5,206,194.5,183.5,173,163,153,144,110.5,83.5,61.5,31.5,15.5,7.5,2,0.5,0.5
13/06/2018,3571.5,2780,2386.5,2215,1995.5,1802,,1609.5,,,1419,,1325,,1232,,,1139.5,,1094,1071.5,1048.5,1026,1003.5,981.5,959,937,915,893,871.5,849.5,828,806.5,785.5,764.5,743.5,722.5,702,681.5,661.5,641.5,621.5,602,582.5,563,544.5,525.5,507,489,471,453,436,418.5,402,385.5,369,353.5,338,322.5,308,293.5,279.5,265.5,252,239.5,226.5,214.5,203,191.5,180.5,170,160,150,140.5,107.5,80,58.5,29.5,14,6.5,1.5,0.5,0.5
14/06/2018,3630.5,2838,2444,2272.5,2052.5,1858,,1664.5,,,1473.5,,1378.5,,1284.5,,,1191.5,,1145.5,1122.5,1099.5,1076.5,1054,1031,1008.5,986,964,941.5,919.5,897.5,875.5,853.5,832,810.5,789,768,746.5,725.5,705,684.5,664,643.5,623.5,604,584,565,545.5,526.5,508,489.5,471.5,453.5,436,418.5,401.5,385,368.5,352.5,337,321.5,306.5,292,278,264,250.5,237.5,224.5,212.5,200.5,189,178,167.5,157,120.5,90,66,33,15.5,7,1.5,0.5,0.5
15/06/2018,3497,2705.5,2312.5,2141.5,1922.5,1729,,1538,,,1348.5,,1255.5,,1163,,,1072,,1026.5,1004.5,982,960,937.5,915.5,894,872,850.5,829,807.5,786.5,765.5,744.5,723.5,703,682.5,662.5,642.5,622.5,603,583.5,564.5,545.5,527,508.5,490,472,454.5,437,420,403,386.5,370.5,354.5,339,324,309,294.5,280.5,267,253.5,240.5,228,216,204,192.5,181.5,171,161,151,142,133,124,116,87,64,46,22.5,10.5,5,1,0.5,0.5
18/06/2018,3496,2705,2312,2141,1922.5,1729.5,,1538.5,,,1349.5,,1256.5,,1164.5,,,1073.5,,1028.5,1006,984,962,940,918,896,874.5,853,831.5,810,789,768,747,726.5,706,685.5,665.5,645.5,626,606.5,587,568,549,530.5,512,494,476,458.5,441,424,407,390.5,374.5,358.5,343,328,313,299,284.5,271,257.5,244.5,232,219.5,208,196.5,185.5,174.5,164.5,154.5,145,136,127.5,119,90,66,48,23.5,11,5,1,0.5,0.5
19/06/2018,3468,2677.5,2284.5,2113.5,1895,1702.5,,1511.5,,,1323.5,,1230.5,,1139,,,1048.5,,1003.5,981.5,959,937,915.5,893.5,872,850.5,829,808,786.5,766,745,724.5,704,683.5,663.5,643.5,624,604.5,585,566,547.5,528.5,510.5,492,474.5,457,439.5,422.5,406,389.5,373.5,357.5,342,327,312.5,298,284,270,257,244,231.5,219,207.5,196,185,174.5,164,154.5,145,136,127.5,119,111,83.5,61.5,44,21.5,10,4.5,1,0.5,0.5
20/06/2018,3506,2715,2322,2151,1932,1739,,1547.5,,,1358.5,,1265.5,,1173,,,1082,,1037,1015,992.5,970.5,948,926.5,904.5,882.5,861,839.5,818.5,797,776,755,734.5,714,693.5,673.5,653.5,633.5,614,594.5,575.5,556.5,537.5,519,501,483,465.5,448,430.5,414,397.5,381,365,349.5,334,319.5,304.5,290.5,276.5,263,250,237,225,213,201.5,190,179.5,169,159,149.5,140,131,123,93,68.5,49.5,24.5,11.5,5,1,0.5,0.5
21/06/2018,3422,2631,2238.5,2068,1849.5,1657.5,,1467,,,1280,,1187.5,,1096.5,,,1007,,963,941,919,897.5,876,854.5,833,812,791,770,749.5,728.5,708.5,688,668,648.5,628.5,609,590,571,552,533.5,515.5,497.5,479.5,462,445,428,411.5,395,379,363,347.5,332.5,318,303.5,289.5,275.5,262.5,249.5,237,224.5,212.5,201.5,190,179.5,169,159.5,150,140.5,132,123.5,115.5,108,100.5,75,55,39.5,19,9,4,1,0.5,0.5
22/06/2018,3552,2760,2366,2194.5,1975,1781,,1589,,,1399,,1305,,1212,,,1120.5,,1075,1052,1029.5,1007.5,985,963,940.5,918.5,897,875,853.5,832,810.5,789.5,768,747.5,726.5,706,685.5,665.5,645.5,625.5,606,586.5,567.5,548.5,529.5,511,493,475,457,439.5,422.5,406,389,373,357,341.5,326.5,311.5,297,282.5,269,255.5,242.5,230,217.5,205.5,194,183,172.5,162,152,143,133.5,101.5,75,54,26.5,12,5,1,0.5,0.5
25/06/2018,3374.5,2584.5,2192.5,2022,1804.5,1613,,1423.5,,,1237.5,,1146,,1055.5,,,967,,923,901.5,880,858.5,837,816,795,774,753.5,733,712.5,692.5,672.5,652.5,633,613.5,594.5,575.5,556.5,538,519.5,501.5,484,466.5,449,432,415.5,399,383,367.5,352,337,322,307.5,293.5,280,266.5,253.5,241,228.5,216.5,205,194,183.5,173,163,153.5,144.5,135.5,127,119,111.5,104,97,90.5,67.5,49,35,17,8,4,1,0.5,0.5
26/06/2018,3424,2633,2240.5,2070,1851.5,1659.5,,1469,,,1282,,1189.5,,1098.5,,,1009,,964.5,942.5,920.5,899,877.5,856,834.5,813.5,792.5,771.5,750.5,730,709.5,689.5,669.5,649.5,630,610.5,591,572,553.5,535,516.5,498.5,480.5,463,446,429,412,396,379.5,364,348.5,333.5,318.5,304.5,290.5,276.5,263,250.5,237.5,225.5,213.5,202,191,180.5,170,160,150.5,141.5,133,124.5,116.5,109,101.5,76,56,40,19.5,9,4,1,0.5,0.5
27/06/2018,3477.5,2686.5,2293.5,2122.5,1904,1711,,1520.5,,,1332,,1239.5,,1147.5,,,1057,,1012,990,968,946,924,902,880.5,859,837.5,816.5,795.5,774.5,753.5,733,712.5,692,672,652,632.5,613,593.5,574.5,555.5,537,518.5,500.5,482.5,465,447.5,430.5,414,397.5,381.5,365.5,350,335,320,305.5,291.5,277.5,264,251,238.5,226.5,214.5,203,191.5,181,170.5,160.5,151,142,133,124.5,116.5,88,65.5,47.5,23.5,11,5,1,0.5,0.5
28/06/2018,3483,2692.5,2300,2129.5,1911.5,1719,,1528.5,,,1340.5,,1248,,1156.5,,,1066,,1021.5,999.5,977.5,955.5,933.5,912,890,868.5,847.5,826,805,784,763.5,743,722.5,702,682,662,642.5,623,603.5,584.5,565.5,547,528.5,510,492.5,474.5,457.5,440,423.5,407,390.5,374.5,359,344,329,314,300,286,272.5,259.5,246.5,234,222,210.5,199,188,177.5,167.5,157.5,148,139.5,130.5,122.5,93,69.5,51,26,12.5,6,1.5,0.5,0.5
29/06/2018,3534,2742.5,2349.5,2178.5,1960,1767,,1575.5,,,1387,,1293.5,,1201,,,1110,,1065,1042.5,1020,997.5,975.5,953.5,931.5,910,888,866.5,845,824,802.5,781.5,760.5,740,719.5,699,679,659,639,619.5,600,580.5,561.5,543,524.5,506,488,470.5,453,435.5,418.5,402,385.5,369.5,354,338.5,323.5,309,294.5,280.5,267,254,241,228.5,216.5,204.5,193.5,182.5,172,162,152,143,134,102,76,55.5,28,13.5,6.5,1.5,0.5,0.5
02/07/2018,3429.5,2639,2247,2076.5,1859,1667.5,,1478,,,1291.5,,1199.5,,1108.5,,,1019.5,,975,953.5,931.5,910,888.5,867,845.5,824.5,803.5,782.5,762,741.5,721,700.5,680.5,661,641,621.5,602.5,583.5,564.5,546,527.5,509.5,491.5,474,456.5,439.5,423,406.5,390,374.5,358.5,343.5,328.5,314,300,286,272.5,259,246.5,234,222,210.5,199,188,177.5,167.5,157.5,148.5,139.5,130.5,122.5,114.5,107,81,60,43.5,22,10.5,5,1.5,0.5,0.5
03/07/2018,3454,2663,2270.5,2100,1882,1689.5,,1499,,,1311.5,,1218.5,,1127,,,1037,,992.5,970.5,948,926.5,904.5,883,861.5,840,818.5,797.5,776.5,755.5,735,714,694,673.5,653.5,634,614.5,595,575.5,556.5,538,519.5,501.5,483.5,465.5,448,431,414,397.5,381.5,365.5,350,334.5,319.5,305,291,277,263.5,250.5,238,225.5,213.5,202,191,180,169.5,159.5,150,141,132,124,116,108.5,81.5,60,43.5,22,11,5.5,1.5,0.5,0.5
04/07/2018,3439,2648,2255.5,2085,1867,1674.5,,1484,,,1296.5,,1204,,1112.5,,,1022.5,,977.5,955.5,933.5,911.5,890,868,846.5,825.5,804,783,762,741,720.5,700,679.5,659.5,639.5,620,600.5,581,562,543,524.5,506,488,470,452.5,435,418,401.5,385,369,353,338,322.5,308,293.5,279.5,266,253,240,227.5,215.5,204,192.5,181.5,171,161,151.5,142,133.5,125,117,109,102,76,56,40.5,20,10,5,1,0.5,0.5
05/07/2018,3471.5,2680.5,2288,2117,1898.5,1705.5,,1514.5,,,1326.5,,1233,,1141,,,1050.5,,1005.5,983,961,939,917,895,873,851.5,830,808.5,787.5,766.5,745.5,724.5,704,683.5,663,643,623,603.5,584,565,546,527,508.5,490,472,454.5,437,420,403,386.5,370,354,338.5,323.5,308.5,294,280,266,253,240,227,215,203,192,181,170.5,160,150.5,141,132,123.5,115.5,108,81,59.5,43,21.5,10.5,5,1.5,0.5,0.5
06/07/2018,3478,2685.5,2292,2121,1901.5,1708.5,,1517,,,1328,,1234.5,,1142,,,1051,,1006,983.5,961.5,939,917,895,873.5,851.5,830,808.5,787.5,766,745,724,703.5,683,662.5,642.5,622.5,603,583.5,564,545,526,507.5,489.5,471,453.5,436,418.5,402,385,369,353,337.5,322,307,292.5,278.5,264.5,251,238,225.5,213.5,201.5,190,179,168.5,158,148.5,139,130,121.5,113.5,105.5,78.5,57,40.5,19.5,9,4,1,0.5,0.5
09/07/2018,3563.5,2770.5,2376.5,2204.5,1985,1790.5,,1597.5,,,1406.5,,1312,,1218.5,,,1126,,1080,1057,1034.5,1012,989.5,967,944.5,922,900,878,856,834.5,812.5,791,769.5,748.5,727.5,706.5,686,665,645,624.5,604.5,585,565.5,546,527,508.5,490,471.5,453.5,436,418.5,401,384.5,368,352,336,320.5,305.5,291,276.5,262.5,249,236,223.5,211,199,187.5,176.5,166,155.5,146,136.5,127.5,96,70.5,50.5,24.5,11.5,5,1,0.5,0.5
10/07/2018,3566.5,2774,2379.5,2207.5,1987,1792.5,,1599,,,1407.5,,1312.5,,1218.5,,,1125,,1079,1056,1033,1010,987.5,965,942,920,897.5,875,853,831,809,787.5,766,744.5,723,702,681,660.5,639.5,619.5,599,579,559.5,540,520.5,501.5,482.5,464,446,428,410.5,393,376,359.5,343.5,327.5,312,296.5,282,267.5,253.5,240,227,214,202,190,178.5,167.5,157,147,137.5,128,119.5,88.5,64,45.5,21.5,10,4.5,1,0.5,0.5
11/07/2018,3464,2672,2278.5,2107,1887.5,1694,,1502,,,1312,,1218,,1125,,,1033,,987.5,965,942.5,920,898,875.5,853.5,831.5,810,788,766.5,745,724,703,682,661,640.5,620.5,600,580,560.5,541,522,503,484,465.5,447.5,429.5,412,395,378,361.5,345,329.5,314,298.5,284,269.5,256,242.5,229.5,216.5,204.5,192.5,181.5,170.5,160,150,140.5,131.5,122.5,114.5,106.5,99,92,68,49,35,17,8.5,4,1,0.5,0.5
12/07/2018,3524,2731.5,2337,2165.5,1945,1750.5,,1557.5,,,1366.5,,1272,,1178,,,1085,,1039,1016.5,993.5,971,948,925.5,903.5,881,859,837,815,793,771.5,750,728.5,707.5,686.5,665.5,645,624.5,604,584,564.5,544.5,525.5,506,487.5,469,450.5,432.5,415,397.5,380.5,363.5,347.5,331.5,315.5,300.5,285.5,271,257,243.5,230,217.5,205,193,181.5,170.5,160,150,140,131,122,113.5,105.5,78,56.5,40,19,9,4.5,1,0.5,0.5
13/07/2018,3535.5,2742.5,2347.5,2175.5,1955,1760.5,,1566.5,,,1375,,1280,,1186,,,1093,,1047,1024,1001,978.5,956,933.5,911,888.5,866,844,822,800.5,778.5,757,735.5,714.5,693,672.5,651.5,631,610.5,590.5,570.5,551,531.5,512.5,493.5,475,456.5,438.5,420.5,403,386,369,352.5,336.5,321,305.5,290.5,276,262,248,234.5,221.5,209,197,185.5,174.5,163.5,153,143.5,134,125,116.5,108,80,57.5,40.5,19,8.5,4,1,0.5,0.5
16/07/2018,3467.5,2674.5,2280,2108,1888,1693.5,,1500.5,,,1309.5,,1215,,1121.5,,,1029.5,,983.5,961,938.5,916,893.5,871,849,827,805,783.5,762,740.5,719,698,677,656,635.5,615,595,575,555,535.5,516.5,497.5,478.5,460,442,424,406.5,389,372,355.5,339.5,323.5,308,292.5,278,263.5,249.5,236,223,210.5,198,186.5,175,164,153.5,143.5,134,124.5,116,107.5,100,92.5,85.5,61,43,29,13,5.5,2.5,0.5,0.5,0.5
17/07/2018,3504,2710.5,2316,2143.5,1923.5,1728.5,,1535,,,1343.5,,1248.5,,1155,,,1062,,1016,993,970.5,947.5,925,902.5,880.5,858,836,814,792,770.5,749,727.5,706,685,664,643.5,623,602.5,582.5,562.5,543,523.5,504.5,485.5,467,448.5,430.5,412.5,395.5,378,361.5,345,329,313.5,298,283,268.5,254.5,241,227.5,214.5,202.5,190.5,179,167.5,157,147,137,128,119,110.5,102.5,95,69,49,34,15.5,6.5,3,0.5,0.5,0.5
18/07/2018,3548.5,2754.5,2359.5,2187,1966,1770.5,,1576,,,1383.5,,1288,,1193.5,,,1100,,1053.5,1030,1007,984.5,961.5,938.5,916,893.5,871,848.5,826.5,804.5,782.5,760.5,739,717.5,696,675,654,633,612.5,592,572,552,532,512.5,493.5,474.5,456,437.5,419.5,402,384.5,367.5,350.5,334,318,302.5,287.5,272.5,258,244,230.5,217.5,205,192.5,181,169.5,159,148.5,138.5,129,120,111.5,103.5,75,53.5,37,17,7.5,3,0.5,0.5,0.5
19/07/2018,3557,2763,2368,2195.5,1974.5,1779,,1585,,,1392.5,,1297,,1202.5,,,1108.5,,1062,1039,1016,993,970,947,924.5,902,879.5,857,835,812.5,790.5,769,747,725.5,704,683,662,641,620.5,600,579.5,559.5,540,520,501,482,463,444.5,426.5,408.5,391,373.5,357,340.5,324,308.5,293,278,263.5,249,235.5,222,209,197,185,173.5,162,151.5,141.5,132,122.5,114,105.5,76.5,54,37,16.5,7,3,0.5,0.5,0.5
20/07/2018,3548,2754.5,2359.5,2187,1966.5,1771,,1577,,,1384.5,,1289,,1194.5,,,1101,,1054.5,1031.5,1008.5,985.5,963,940,917.5,895,872.5,850,828,806,784,762,740.5,719,697.5,676.5,655.5,634.5,614,593.5,573.5,553.5,533.5,514,495,476,457.5,439,421,403,385.5,368.5,351.5,335,319,303.5,288,273,259,244.5,231,218,205,193,181,169.5,158.5,148,138,128.5,119.5,111,102.5,74.5,52.5,36,16,6.5,3,0.5,0.5,0.5
23/07/2018,3525.5,2732,2336.5,2164.5,1943.5,1748,,1554,,,1362,,1266.5,,1172,,,1079,,1032.5,1009.5,986.5,963.5,941,918,895.5,873,850.5,828.5,806.5,784.5,762.5,741,719.5,698,676.5,655.5,635,614,593.5,573.5,553.5,533.5,514,495,475.5,457,438.5,420.5,402.5,385,368,351,334.5,318.5,302.5,287,272,257.5,243.5,230,216.5,203.5,191.5,179.5,168,157,146.5,136.5,127,117.5,109,101,93,66,46,31,13,5,2,0.5,0.5,0.5
24/07/2018,3590.5,2797,2401.5,2229,2008,1812,,1617,,,1424,,1328,,1233,,,1138.5,,1091.5,1068,1045,1022,998.5,975.5,952.5,930,907,884.5,862,839.5,817,795,773,751,729.5,707.5,686,665,644,623,602,581.5,561.5,541.5,521.5,502,482.5,463.5,445,426.5,408.5,390.5,373,356,339,323,307,291,276,261,247,233,219.5,206.5,194,182,170.5,159,148.5,138.5,128.5,119.5,110.5,80,56.5,39,17,7.5,3,0.5,0.5,0.5
25/07/2018,3524,2730.5,2335.5,2163,1942.5,1747,,1553,,,1361,,1266,,1171.5,,,1078,,1031.5,1008.5,985.5,962.5,940,917,894.5,872,849.5,827.5,805.5,783.5,761.5,739.5,718,696.5,675.5,654.5,633.5,613,592.5,572,552,532,512.5,493.5,474.5,455.5,437,419,401,383.5,366,349.5,333,316.5,301,285.5,270.5,256,242,228,215,202,190,178,166.5,155.5,145,135,125.5,116.5,108,99.5,92,65.5,45.5,30.5,13,5.5,2.5,0.5,0.5,0.5
26/07/2018,3540.5,2746.5,2351.5,2179,1958,1762.5,,1568,,,1375.5,,1280,,1185,,,1091,,1044.5,1021.5,998.5,975.5,952.5,929.5,907,884.5,861.5,839.5,817,795,773,751,729,707.5,686,665,644,623,602.5,582,561.5,541.5,521.5,502,483,464,445,426.5,408.5,391,373.5,356,339.5,323,307,291.5,276.5,261.5,247,233,219.5,206.5,194,182,170.5,159,148.5,138.5,128.5,119.5,110.5,102,94.5,67.5,46.5,31.5,13.5,6,2.5,0.5,0.5,0.5
27/07/2018,3575.5,2781.5,2386,2213,1992,1796,,1601.5,,,1408,,1312,,1217,,,1122.5,,1076,1052.5,1029.5,1006,983,960,937,914.5,891.5,869,846.5,824,802,780,758,736,714,692.5,671.5,650,629,608.5,587.5,567,547,527,507.5,488,469,450,431.5,413,395,377.5,360,343,326.5,310.5,294.5,279.5,264.5,250,235.5,222,209,196,184,172,160.5,150,139.5,129.5,120,111.5,103,73.5,51,34.5,15,6,2.5,0.5,0.5,0.5
30/07/2018,3572.5,2778,2382.5,2210,1988.5,1792.5,,1598,,,1405,,1309.5,,1214.5,,,1120,,1073.5,1050,1027,1004,981,958,935,912.5,889.5,867,845,822.5,800.5,778,756.5,734.5,713,691.5,670,649,628,607.5,586.5,566.5,546.5,526.5,506.5,487.5,468,449.5,431,412.5,394.5,377,359.5,343,326.5,310,294.5,279,264,249.5,235,221.5,208.5,195.5,183,171.5,160,149,139,129,119.5,110.5,102,72.5,50.5,34,14.5,6,2.5,0.5,0.5,0.5
31/07/2018,3633.5,2839.5,2443.5,2270.5,2049,1853,,1658,,,1464.5,,1368,,1272.5,,,1178,,1131,1107.5,1084,1061,1037.5,1014.5,991.5,968.5,945.5,922.5,900,877.5,855,832.5,810,788,766,744,722.5,701,679.5,658,637,616.5,595.5,575,555,535,515,495.5,476.5,457.5,439,420.5,402.5,384.5,367.5,350,333.5,317,301.5,286,270.5,256,241.5,228,214.5,201.5,189,177,165.5,154.5,144,134,124.5,90.5,64,44,19.5,8,3.5,0.5,0.5,0.5
01/08/2018,3519.5,2725.5,2330.5,2158.5,1937.5,1742.5,,1548.5,,,1356.5,,1261.5,,1167,,,1073.5,,1027,1004,981,958,935.5,913,890,867.5,845.5,823,801,779,757,735.5,714,692.5,671.5,650,629.5,608.5,588.5,568,548,528,508.5,489.5,470.5,451.5,433.5,415,397.5,380,363,346,329.5,313.5,298,282.5,268,253.5,239.5,226,213,200,188,176.5,165,154.5,144,134,125,116,107.5,99.5,92,66,46.5,32,14.5,6.5,3,1,0.5,0.5
02/08/2018,3448,2655,2260,2088,1867.5,1673,,1479.5,,,1288.5,,1194,,1100.5,,,1007.5,,962,939,916.5,894,871.5,849.5,827,805,783,761,739.5,718,696.5,675.5,654.5,633.5,613,592.5,572.5,552.5,532.5,513,494,475,456.5,438,420,402,384.5,367.5,350.5,334,318,302.5,287,272.5,258,244,230.5,217,204.5,192.5,180.5,169,158.5,148,138,128.5,119.5,111,102.5,95,88,81,74.5,53,36.5,25,11,5,2,0.5,0.5,0.5
03/08/2018,3536,2742,2346,2173.5,1952.5,1757,,1562.5,,,1370,,1274,,1179.5,,,1085.5,,1039,1015.5,992.5,969.5,946.5,923.5,901,878.5,855.5,833.5,811,789,766.5,745,723,701.5,680,658.5,637.5,616.5,596,575.5,555,535,515,495.5,476.5,457.5,438.5,420,402,384,366.5,349.5,333,316.5,300.5,285,270,255,241,227,213.5,200.5,188,176,164.5,153.5,143,133,123.5,114.5,106,97.5,90,64,44,29.5,13,5.5,2.5,0.5,0.5,0.5
06/08/2018,3531,2736.5,2341,2168.5,1947.5,1751.5,,1557.5,,,1364.5,,1269,,1174,,,1080,,1033.5,1010.5,987.5,964.5,941.5,918.5,895.5,873,850.5,828,806,783.5,761.5,739.5,718,696.5,675,653.5,632.5,611.5,591,570.5,550,530,510,490.5,471.5,452,433.5,415,397,379,361.5,344.5,328,311.5,295.5,280,265,250,236,222,208.5,196,183.5,171.5,160,149,138.5,128.5,119,110,101.5,93.5,86,60.5,41,27.5,11.5,4.5,2,0.5,0.5,0.5
07/08/2018,3597.5,2803,2407,2234,2012.5,1816.5,,1621,,,1427.5,,1331,,1235.5,,,1140.5,,1093.5,1070,1046.5,1023,1000,976.5,953.5,930.5,907.5,884.5,862,839.5,816.5,794.5,772,750,728,706,684.5,662.5,641.5,620,599,578.5,558,537.5,517.5,497.5,478,458.5,439.5,420.5,402,384,366.5,349,332,315.5,299,283,268,253,238.5,224.5,210.5,197.5,185,173,161.5,150,139.5,129.5,120,111,102,72.5,50,34,14.5,6,2.5,0.5,0.5,0.5
08/08/2018,3644.5,2850,2454,2281,2059.5,1863.5,,1668,,,1474,,1378,,1282,,,1187,,1139.5,1116,1092.5,1069,1046,1022.5,999.5,976,953,930,907.5,884.5,862,839.5,817,794.5,772.5,750,728,706.5,685,663.5,642,621,600,579,558.5,538.5,518,498.5,479,459.5,440.5,421.5,403.5,385,367.5,350,333,316.5,300,284,269,254,239,225,211.5,198.5,185.5,173.5,162,150.5,140,129.5,120,86.5,60,40.5,17.5,7,3,0.5,0.5,0.5
09/08/2018,3655.5,2860.5,2464.5,2291.5,2070,1873.5,,1678,,,1484,,1387.5,,1291.5,,,1196,,1148.5,1125,1101.5,1078,1054.5,1031,1007.5,984.5,961.5,938.5,915.5,892.5,869.5,847,824.5,802,779.5,757,735,713,691.5,669.5,648,627,606,585,564,543.5,523.5,503.5,483.5,464,445,426,407.5,389,371,353.5,336,319.5,303,287,271,256,241.5,227,213,200,187,174.5,163,151.5,141,130.5,120.5,86.5,60.5,41,17.5,7.5,3,0.5,0.5,0.5
10/08/2018,3578,2784,2388.5,2216.5,1996,1800.5,,1606.5,,,1414,,1318.5,,1224,,,1130,,1083,1060,1036.5,1013.5,990.5,967.5,945,922,899.5,876.5,854,832,809.5,787.5,765.5,743.5,721.5,700,678.5,657,636,615,594.5,574,553.5,533,513.5,493.5,474,455,436,417.5,399.5,381.5,364,346.5,329.5,313,297,281,266,251,236.5,222.5,209,196,183.5,171.5,160,149,138.5,128.5,119,110,101.5,72,50,33.5,14.5,6.5,3,0.5,0.5,0.5
13/08/2018,3561.5,2767.5,2372.5,2200.5,1980,1785,,1591.5,,,1399,,1304,,1209.5,,,1116,,1069.5,1046,1023,1000,977,954.5,931.5,909,886.5,864,841.5,819,797,775,753,731.5,710,688.5,667,646,625,604,583.5,563,543,523,503.5,484,465,446,427.5,409,391,373.5,356,339,322.5,306,290.5,275,260,245,231,217.5,204,191.5,179,167.5,156,145.5,135,125.5,116,107.5,99,70.5,49,33,14.5,6,3,0.5,0.5,0.5
14/08/2018,3535,2741,2346,2174,1953.5,1758.5,,1565,,,1373,,1278,,1183.5,,,1090,,1044,1021,998,975,952,929.5,906.5,884,861.5,839.5,817,795,773,751,729.5,708,686.5,665,644,623,602.5,581.5,561.5,541.5,521.5,501.5,482.5,463,444,425.5,407.5,389.5,371.5,354.5,337.5,321,304.5,289,273.5,258.5,244,229.5,216,203,190,178,166,155,144,134,124,114.5,106,97.5,90,63,43,29,12.5,5,2.5,0.5,0.5,0.5
15/08/2018,3390.5,2597.5,2204,2032.5,1813.5,1620,,1428.5,,,1239,,1146,,1053.5,,,962.5,,917.5,895.5,873,851,829,807,785,763.5,742,721,699.5,678.5,657.5,637,616.5,596,576,556,536.5,517,498,479,460.5,442,424,406,388.5,371.5,354.5,338,322,306,290.5,275.5,261,247,233,219.5,206.5,194.5,182,170.5,159.5,149,139,129,120,111,103,95,87.5,80.5,74,68,62,43,29,19.5,8.5,3.5,1.5,0.5,0.5,0.5
16/08/2018,3490.5,2696.5,2301.5,2129.5,1909.5,1714.5,,1521,,,1329.5,,1234.5,,1140.5,,,1047.5,,1001.5,978.5,955.5,932.5,910,887.5,865,842.5,820.5,798,776,754.5,732.5,711,689.5,668.5,647,626,605.5,585,564.5,544.5,524.5,505,485.5,466.5,447.5,429,410.5,392.5,375,357.5,341,324,308,292,276.5,261.5,247,233,219.5,206,193.5,181,169,158,147,136.5,127,117.5,108.5,100,92,84.5,77.5,54,36.5,24,10,4,1.5,0.5,0.5,0.5
17/08/2018,3479,2685.5,2290,2118,1897.5,1702.5,,1509,,,1317.5,,1222.5,,1128.5,,,1035.5,,989,966.5,943.5,920.5,898,875.5,853,830.5,808.5,786,764,742,720.5,699,677.5,656.5,635,614.5,593.5,573,553,532.5,513,493.5,474,455,436,417.5,399.5,382,364.5,347,330.5,314,298,282.5,267,252.5,238,224,211,198,185.5,173.5,162,151,140.5,130.5,121,112,103.5,95,87.5,80.5,74,51.5,35,23,10,4.5,2,0.5,0.5,0.5
20/08/2018,3527,2732,2336.5,2163.5,1942.5,1746.5,,1552,,,1359,,1263.5,,1168,,,1074,,1027,1004,980.5,957.5,934.5,911.5,888.5,866,843,820.5,798,776,753.5,731.5,709.5,688,666,644.5,623.5,602.5,581.5,560.5,540.5,520,500,480,460.5,441.5,422.5,404,385.5,368,350,333,316,299.5,283.5,268,253,238,224,210,197,184,172,160,149,138,128,118,109,100.5,92,84.5,77.5,53,35.5,23.5,9.5,4,2,0.5,0.5,0.5
21/08/2018,3499,2704.5,2308.5,2136,1914.5,1719,,1524,,,1331,,1235,,1140,,,1045.5,,999,975.5,952.5,929,906,883,860.5,837.5,815,792.5,770,747.5,725.5,703.5,681.5,660,638.5,617,596,575,554,533.5,513,493,473.5,453.5,434.5,415.5,397,378.5,360.5,343,326,309,292.5,276.5,261,246,231.5,217.5,203.5,190.5,178,165.5,154,143,132.5,122.5,113,104,95.5,87.5,80.5,73.5,67,45.5,30,19.5,8,3.5,1.5,0.5,0.5,0.5
22/08/2018,3505.5,2711,2315,2142.5,1921,1725,,1530.5,,,1337,,1241.5,,1146,,,1052,,1005,981.5,958.5,935.5,912.5,889.5,866.5,843.5,821,798.5,776,753.5,731.5,709.5,687.5,665.5,644,622.5,601.5,580.5,559.5,539,518.5,498.5,478.5,459,439.5,420.5,402,383.5,365.5,348,330.5,313.5,297,281,265.5,250,235.5,221,207.5,194,181.5,169,157.5,146,135.5,125.5,116,106.5,98,90,82.5,75.5,68.5,46.5,31,20,8,3.5,1.5,0.5,0.5,0.5
23/08/2018,3493.5,2699,2303,2130,1909,1713,,1518,,,1324.5,,1229,,1133.5,,,1039.5,,992.5,969.5,946,923,900,877,854,831.5,808.5,786,764,741.5,719.5,697.5,675.5,654,632.5,611,590,569,548,527.5,507.5,487.5,467.5,448,429,410,391.5,373.5,355.5,338,321,304,287.5,272,256.5,241.5,227,213,199.5,186.5,174,162,150.5,139.5,129,119,110,101,93,85,77.5,71,64.5,43.5,28.5,18.5,7.5,3,1.5,0.5,0.5,0.5
24/08/2018,3513,2717.5,2321.5,2148.5,1927,1731,,1535.5,,,1342,,1245.5,,1150,,,1055.5,,1008.5,985,961.5,938.5,915.5,892,869,846.5,823.5,801,778.5,756,733.5,711.5,689,667.5,645.5,624,602.5,581.5,560.5,539.5,519,499,479,459,439.5,420.5,401.5,383,365,347,329.5,312.5,295.5,279.5,263.5,248.5,233.5,219,205,192,179,166.5,154.5,143.5,132.5,122.5,113,104,95,87,79.5,72.5,66,44.5,29,18.5,7.5,3,1.5,0.5,0.5,0.5
27/08/2018,3513,2717.5,2321.5,2148.5,1927,1731,,1535.5,,,1342,,1245.5,,1150,,,1055.5,,1008.5,985,961.5,938.5,915.5,892,869,846.5,823.5,801,778.5,756,733.5,711.5,689,667.5,645.5,624,602.5,581.5,560.5,539.5,519,499,479,459,439.5,420.5,401.5,383,365,347,329.5,312.5,295.5,279.5,263.5,248.5,233.5,219,205,192,179,166.5,154.5,143.5,132.5,122.5,113,104,95,87,79.5,72.5,66,44.5,29,18.5,7.5,3,1.5,0.5,0.5,0.5
28/08/2018,3557.5,2762,2365.5,2192,1970,1773.5,,1577.5,,,1383,,1286.5,,1190.5,,,1095.5,,1048,1024.5,1001,977.5,954,931,908,884.5,861.5,839,816,793.5,770.5,748,726,703.5,681.5,660,638,616.5,595,574,553,532.5,512,491.5,471.5,452,432.5,413.5,394.5,376,358,340.5,323,306,289.5,273,257.5,242,227.5,213,199.5,186,173.5,161,149.5,138.5,127.5,117.5,108,99,91,83,75.5,51,33,21,8,3,1.5,0.5,0.5,0.5
29/08/2018,3491.5,2696.5,2300.5,2127.5,1906,1709.5,,1514.5,,,1321,,1224.5,,1129.5,,,1035,,988,964.5,941.5,918,895,872,849,826.5,803.5,781,758.5,736.5,714,692,670,648.5,627,605.5,584.5,563.5,542.5,522,502,482,462,442.5,423.5,404.5,386,368,350,332.5,315.5,299,283,267,251.5,237,222.5,208.5,195,182,169.5,158,146.5,136,125.5,116,106.5,98,89.5,82,75,68.5,62,41.5,27,17.5,7,3,1.5,0.5,0.5,0.5
30/08/2018,3442,2647,2251,2078.5,1857,1661,,1466.5,,,1273.5,,1178,,1083,,,989,,942.5,919.5,896.5,873.5,850.5,828,805.5,783,760.5,738,716,694,672.5,650.5,629,608,587,566,545.5,525,504.5,485,465,445.5,426.5,408,389.5,371.5,353.5,336,319,302.5,286.5,270.5,255,240.5,226,212,198.5,185.5,173,161.5,150,139,128.5,119,109.5,100.5,92.5,84.5,77.5,70.5,64,58.5,53,35,22.5,14.5,5.5,2.5,1,0.5,0.5,0.5
31/08/2018,3359,2564,2168.5,1996,1775,1579.5,,1385.5,,,1194,,1099,,1005.5,,,913,,867,844.5,822,799.5,777,755,733,711,689,667.5,646,624.5,603.5,583,562,541.5,521.5,501.5,482,462.5,443,424.5,406,387.5,369.5,352,335,318,301.5,285.5,270,255,240,226,212,199,186,173.5,162,150.5,139.5,129.5,119.5,110.5,101.5,93,85.5,78,71,65,59,53.5,48.5,43.5,39,25.5,16,10,3.5,1.5,0.5,0.5,0.5,0.5
03/09/2018,3433,2638,2241.5,2069,1847.5,1651.5,,1457,,,1264.5,,1169,,1074.5,,,981,,934.5,911.5,888.5,865.5,843,820.5,798,775.5,753,731,709,687.5,665.5,644,623,601.5,581,560,539.5,519.5,499.5,479.5,460,441,422,403.5,385,367,349.5,332.5,315.5,299,283,267.5,252,237.5,223,209.5,196,183,170.5,159,147.5,137,126.5,116.5,107.5,98.5,90.5,83,75.5,69,62.5,56.5,51,33.5,21.5,13,5,2,1,0.5,0.5,0.5
04/09/2018,3390,2595,2199.5,2026.5,1805.5,1610,,1416,,,1224,,1129,,1035,,,942,,896,873,850.5,828,805.5,783,760.5,738.5,716.5,695,673,651.5,630.5,609,588,567.5,547,526.5,506.5,487,467.5,448,429,410.5,392,374,356.5,339,322.5,306,289.5,274,258.5,244,229.5,215.5,202,189,177,165,153.5,142.5,132,122,113,104,95.5,87.5,80,73,67,61,55,50,45,29.5,19,12,4.5,2,1,0.5,0.5,0.5
05/09/2018,3323.5,2529.5,2134.5,1962,1741.5,1547,,1354,,,1163,,1068.5,,975.5,,,883.5,,838,815.5,793,771,748.5,726.5,705,683,661.5,640,619,598,577,556.5,536,515.5,495.5,476,456.5,437.5,418.5,400,381.5,364,346.5,329,312.5,296,280,264.5,249,234.5,220.5,206.5,193.5,180.5,168.5,156.5,145.5,134.5,124.5,114.5,105.5,97,89,81,74,67.5,61,55.5,50,45,40.5,36.5,33,21,13,8,3,1.5,0.5,0.5,0.5,0.5
06/09/2018,3266,2472.5,2077.5,1905.5,1685.5,1491.5,,1299,,,1109,,1015.5,,923.5,,,832.5,,787.5,765.5,743.5,721.5,699.5,678,656.5,635,614,593,572.5,552,531.5,511.5,491.5,472,452.5,433.5,415,396.5,378.5,360.5,343.5,326.5,309.5,293.5,277.5,262,247,232.5,218.5,205,192,179.5,167,155.5,144.5,134,124,114,105,96.5,88.5,81,74,67.5,61,55.5,50,45.5,41,37,33,29.5,26.5,17,10.5,6.5,2.5,1,0.5,0.5,0.5,0.5
07/09/2018,3230,2436.5,2041.5,1869.5,1649.5,1455.5,,1263,,,1073.5,,980,,887.5,,,797,,752.5,730.5,708.5,686.5,665,643,622,601,580,559,538.5,518,498,478.5,458.5,439.5,420.5,401.5,383.5,365.5,347.5,330.5,313.5,297,280.5,265,249.5,235,220.5,206.5,193.5,180.5,168,156,145,134,123.5,114,105,96,88,80,73,66.5,60,54.5,49,44,39.5,35.5,32,28.5,25.5,22.5,20,12.5,7.5,4.5,2,1,0.5,0.5,0.5,0.5
10/09/2018,3231.5,2436.5,2041,1868.5,1647.5,1452.5,,1259.5,,,1069,,975.5,,883,,,792,,747,725,703,681,659.5,637.5,616.5,595,574,553.5,533,512.5,492.5,473,453,434,415,396.5,378,360,342.5,325.5,308.5,292,276,260.5,245.5,230.5,216.5,203,189.5,177,164.5,153,142,131,121,111.5,102.5,94,86,78.5,71.5,65,58.5,53,48,43,38.5,34.5,31,27.5,24.5,22,19.5,12,7.5,4.5,2,1,0.5,0.5,0.5,0.5
11/09/2018,3220,2425,2029.5,1857,1636.5,1441.5,,1248.5,,,1058.5,,965,,872.5,,,781.5,,737,715,693,671,649.5,628,606.5,585.5,564.5,544,523.5,503,483,463.5,444,425,406,387.5,369,351.5,334,316.5,300,283.5,268,252.5,237.5,223,209,195.5,182.5,169.5,157.5,146,135.5,125,115,105.5,96.5,88.5,80.5,73.5,66.5,60,54.5,49,44,39.5,35.5,31.5,28,25,22,19.5,17.5,10.5,6.5,4,1.5,0.5,0.5,0.5,0.5,0.5
12/09/2018,3258.5,2463.5,2068,1895.5,1674.5,1479.5,,1286,,,1095,,1001,,908,,,816.5,,771.5,749,727,704.5,682.5,661,639.5,618,596.5,575.5,555,534,514,493.5,473.5,454,435,415.5,397,378.5,360.5,343,325.5,308.5,292,276,260,245,230,216,202,188.5,176,163.5,152,140.5,130,119.5,110,101,92.5,84,76.5,69.5,63,57,51.5,46,41.5,37,33,29.5,26.5,23.5,20.5,12.5,7.5,4.5,1.5,0.5,0.5,0.5,0.5,0.5
13/09/2018,3229.5,2434,2038,1865,1644,1448.5,,1255,,,1064,,969.5,,876.5,,,785.5,,740.5,718,696,674,652,630.5,609,588,567,546,525.5,505,485,465,445.5,426,407,388.5,370,352,334.5,317.5,300.5,284,268,252.5,237.5,223,209,195.5,182.5,170,158,146.5,135.5,125,115,105.5,97,88.5,81,73.5,67,60.5,54.5,49.5,44.5,40,35.5,32,28.5,25.5,22.5,20,18,11,6.5,4,1.5,0.5,0.5,0.5,0.5,0.5
14/09/2018,3258.5,2462.5,2066,1893,1671.5,1476,,1281.5,,,1089.5,,995,,901.5,,,809,,763.5,741,718.5,696.5,674.5,652.5,630.5,609,587.5,566.5,545.5,524.5,504,484,464,444,424.5,405.5,387,368.5,350,332.5,315,298,281.5,265.5,250,235,220,206,192.5,179,166.5,154.5,143,132,121.5,111.5,102.5,93.5,85.5,77.5,70.5,64,57.5,52,46.5,42,37.5,33.5,29.5,26.5,23.5,21,18.5,11,6.5,4,1.5,0.5,0.5,0.5,0.5,0.5
17/09/2018,3251.5,2455.5,2059,1886,1664.5,1468.5,,1274.5,,,1082.5,,987.5,,894,,,802,,756.5,734,711.5,689.5,667,645.5,623.5,602,580.5,559.5,538.5,517.5,497,477,457,437,418,399,380,361.5,343.5,326,308.5,292,275.5,259.5,244,229,214.5,200.5,187,174,161.5,149.5,138,127.5,117,107.5,98.5,89.5,81.5,74,67,60.5,54.5,49,44,39.5,35,31.5,28,25,22,19.5,17,10.5,6,3.5,1.5,0.5,0.5,0.5,0.5,0.5
18/09/2018,3248.5,2452.5,2056,1883,1661.5,1465.5,,1271,,,1079,,984,,890.5,,,798.5,,753,730.5,708,685.5,663.5,641.5,620,598,577,555.5,534.5,514,493.5,473,453,433.5,414,395,376.5,358,340,322.5,305,288.5,272,256,240.5,225.5,211,197,183.5,171,158.5,146.5,135.5,124.5,114.5,105,96,87.5,79.5,72,65,59,53,47.5,42.5,38,34,30,27,24,21,18.5,16.5,10,6,3.5,1.5,0.5,0.5,0.5,0.5,0.5
19/09/2018,3282,2486,2089,1916,1694,1498,,1303,,,1110.5,,1015,,921,,,828,,782,759.5,737,714.5,692,669.5,647.5,626,604,582.5,561.5,540,519.5,498.5,478.5,458,438.5,419,399.5,381,362,344,326.5,309,292,275.5,259,243.5,228.5,214,199.5,186,173,160.5,148.5,137,126,116,106,97,88.5,80.5,73,66,59.5,53.5,48,43,38.5,34,30.5,27,24,21,18.5,11,6.5,4,1.5,0.5,0.5,0.5,0.5,0.5
20/09/2018,3318.5,2521.5,2124.5,1951,1729,1532,,1336.5,,,1143,,1047,,952.5,,,858.5,,812.5,789.5,766.5,743.5,721,698.5,676,654,632,610,588,566.5,545.5,524.5,503.5,483,462.5,442.5,423,403.5,384.5,365.5,347,329,311.5,294.5,277.5,261.5,245.5,230.5,215.5,201.5,187.5,174.5,161.5,149.5,138,127.5,117,107,98,89.5,81.5,74,67,60.5,54.5,49,44,39.5,35.5,31.5,28,25,22,13.5,8.5,5,2,1,0.5,0.5,0.5,0.5
21/09/2018,3427.5,2630.5,2233,2059.5,1837,1639.5,,1443,,,1248.5,,1151.5,,1056,,,960.5,,913.5,890,866.5,843.5,820,797,774,751.5,728.5,706,683.5,661,639,617,595,573.5,552,531,510,489.5,469,448.5,428.5,409,390,371,352.5,334,316.5,299,282,265.5,249.5,234,219,204.5,190.5,177,164.5,152,140.5,129.5,119,109,99.5,90.5,82.5,75,68,61,55,49.5,44.5,40,35.5,22.5,13.5,8.5,3,1.5,0.5,0.5,0.5,0.5
24/09/2018,3415,2618.5,2221,2047.5,1824.5,1627.5,,1431.5,,,1237,,1140.5,,1044.5,,,949.5,,902.5,879,856,832.5,809.5,786.5,763.5,741,718.5,696,673.5,651,629,607.5,585.5,564,543,522,501,480.5,460,440,420.5,401,382,363,345,327,309.5,292.5,275.5,259.5,243.5,228.5,213.5,199.5,185.5,172.5,160,148,136.5,126,115.5,106,96.5,88,80,73,66,59.5,53.5,48,43.5,39,34.5,22,13.5,8.5,3,1.5,0.5,0.5,0.5,0.5
25/09/2018,3456.5,2659.5,2262,2088,1865.5,1668,,1471,,,1276,,1179,,1082.5,,,987,,940,916,892.5,869,846,822.5,799.5,776.5,753.5,730.5,708,685.5,663,641,618.5,597,575,553.5,532,511,490.5,469.5,449.5,429.5,409.5,390,371,352.5,334,316.5,299,281.5,265,249,233.5,218.5,203.5,189.5,176,163,151,139,128,117.5,107.5,98,89.5,81,73.5,66.5,60,54,48,43,38.5,24,14.5,9,3.5,1.5,0.5,0.5,0.5,0.5
26/09/2018,3464.5,2667.5,2269.5,2096,1873,1675.5,,1478.5,,,1283,,1186,,1089.5,,,994,,946.5,923,899,875.5,852.5,829,806,782.5,759.5,736.5,714,691.5,669,646.5,624,602,580.5,558.5,537.5,516,495,474.5,454,433.5,414,394.5,375,356,337.5,319.5,302,284.5,268,251.5,236,220.5,205.5,191.5,178,165,152,140.5,129,118.5,108,98.5,90,81.5,73.5,66.5,60,54,48,43,38.5,24,14.5,8.5,3,1.5,0.5,0.5,0.5,0.5
27/09/2018,3504.5,2707.5,2309.5,2135.5,1912.5,1715,,1518,,,1322,,1224.5,,1128,,,1032,,984,960.5,936.5,913,889.5,866,842.5,819,796,773,750,727,704.5,681.5,659,637,615,593,571,549.5,528,507,486,465.5,445,425,405,385.5,366.5,348,329.5,311.5,294,277,260.5,244,228.5,213.5,199,185,171.5,158.5,146.5,134.5,123.5,113,103.5,94,85.5,77.5,70,63,56.5,50.5,45.5,28.5,17.5,10.5,4,1.5,0.5,0.5,0.5,0.5
28/09/2018,3476.5,2679,2281,2107.5,1884.5,1687,,1490,,,1294.5,,1197.5,,1101,,,1005,,957.5,934,910.5,886.5,863.5,840,816.5,793.5,770.5,747.5,724.5,702,679.5,657,634.5,612.5,590.5,569,547.5,526,505,484.5,463.5,443.5,423.5,403.5,384.5,365.5,346.5,328.5,310.5,293,276,259.5,243.5,228,213,198.5,184.5,171,158.5,146,134.5,123.5,113,103.5,94,85.5,77.5,70,63.5,57,51,45.5,41,25.5,15.5,9.5,3.5,1.5,0.5,0.5,0.5,0.5
01/10/2018,3458,2660.5,2262.5,2089,1866,1668,,1471.5,,,1275.5,,1178.5,,1082,,,986,,938.5,915,891.5,868,844.5,821,797.5,774.5,751.5,728.5,706,683,660.5,638,616,594,572,550.5,529,507.5,486.5,466,445.5,425.5,405.5,386,366.5,348,329.5,311.5,294,276.5,260,243.5,228,213,198,184,170.5,157.5,145.5,133.5,122.5,112,102,93,84,76,68.5,62,55.5,49.5,44.5,39.5,35,21.5,13,7.5,3,1,0.5,0.5,0.5,0.5
02/10/2018,3437.5,2640.5,2242.5,2068.5,1846,1648,,1451.5,,,1256,,1159,,1063,,,967,,920,896,872.5,849,826,802.5,779.5,756.5,733.5,710.5,688,665.5,643,621,599,577,555.5,534,512.5,491.5,471,450.5,430,410.5,390.5,371.5,352.5,334,316,298.5,281,264.5,248,232.5,217,202.5,188,174.5,161.5,149,137,126,115.5,105.5,96,87,79,71.5,64.5,58,52,46.5,41.5,37,32.5,20,12,7,2.5,1,0.5,0.5,0.5,0.5
03/10/2018,3476.5,2679,2281,2107,1884,1686,,1488.5,,,1292.5,,1194.5,,1097.5,,,1001.5,,953.5,929.5,905.5,882,858.5,835,811.5,788,764.5,741.5,718.5,695.5,672.5,650,627.5,605,583,561,539.5,518,496.5,475.5,454.5,434,414,394,374.5,355.5,336.5,318.5,301,284,267,251,235,219.5,205,190.5,176,163,150,138,126.5,116,106,96.5,87.5,79.5,72,65,58.5,52.5,47.5,42.5,38,24,15,9,3.5,1.5,1,0.5,0.5,0.5
04/10/2018,3376,2578.5,2181,2007.5,1784.5,1587,,1390.5,,,1196,,1099,,1003,,,908,,861,837.5,814.5,791,768,745,722,699.5,677,654.5,632,610,588,566,544.5,523.5,502,481.5,460.5,440.5,420.5,400.5,381.5,362.5,343.5,325.5,307.5,290.5,273.5,257,241,225.5,210.5,196.5,182.5,169.5,156.5,144.5,133,122.5,112,102.5,93.5,85,77.5,70,63.5,57,51.5,46,41.5,37,33,29.5,26.5,16.5,10.5,6.5,3,1.5,1,0.5,0.5,0.5
05/10/2018,3281.5,2484.5,2087,1913.5,1691,1494,,1298.5,,,1104.5,,1009,,914,,,820.5,,774.5,751.5,729,706.5,684,661.5,639.5,617,595.5,574,552.5,531,510,489.5,469,449,429,409.5,390,371.5,353,334.5,317,299.5,282.5,266.5,250.5,235,220,205.5,191.5,178,165.5,153,141.5,130.5,120,110,100.5,92,83.5,76,69,62,56,50.5,45.5,40.5,36.5,32.5,29,25.5,22.5,20,18,11,6.5,4,1.5,0.5,0.5,0.5,0.5,0.5
08/10/2018,3198.5,2402,2005,1831.5,1609.5,1413.5,,1219,,,1027,,932.5,,839,,,747.5,,702.5,680,658,636,614,592.5,571,550,529,508,487.5,467.5,447.5,428,408.5,389.5,371,352.5,335,317.5,300.5,283.5,267.5,252,236.5,222,207.5,194,180.5,168,156,144.5,133.5,123,113,104,95,87,79,72,65.5,59,53.5,48,43.5,39,35,31.5,28,25,22,20,17.5,15.5,14,8.5,5.5,3.5,1.5,0.5,0.5,0.5,0.5,0.5
09/10/2018,3200,2403,2006,1832.5,1610.5,1414,,1219,,,1027,,932,,838.5,,,747,,701.5,679.5,657,635,613.5,591.5,570,549,528,507,486.5,466.5,446.5,427,407.5,388.5,370,351.5,334,316.5,299.5,282.5,266.5,251,235.5,221,206.5,193,180,167,155,143.5,132.5,122.5,112.5,103.5,94.5,86.5,78.5,71.5,65,59,53,48,43,39,35,31,28,25,22,19.5,17.5,15.5,14,8.5,5.5,3.5,1.5,0.5,0.5,0.5,0.5,0.5
10/10/2018,3117.5,2321.5,1924.5,1752,1530.5,1335.5,,1142,,,951.5,,858,,766,,,676.5,,632.5,610.5,589,568,546.5,526,505,485,465,445,425.5,406,387.5,369,351,333,315.5,298.5,282.5,266,250.5,235.5,221,207,193.5,180.5,168,156,144.5,133.5,123.5,113.5,104.5,95.5,87.5,80,73,66.5,60,54.5,49.5,44.5,40,36,32.5,29,26,23.5,21,18.5,16.5,15,13.5,12,10.5,7,4.5,3,1.5,0.5,0.5,0.5,0.5,0.5
11/10/2018,2974.5,2179.5,1784.5,1612.5,1393,1199.5,,1009.5,,,824,,734,,646,,,561,,520,500,480,460.5,441,422,403.5,385,367,349.5,332.5,315.5,299,283,267.5,252.5,238,223.5,210,197,184,172,160.5,149,138.5,128.5,119,110,101.5,93.5,85.5,78.5,72,66,60,54.5,49.5,45,41,37,33.5,30.5,27.5,25,22.5,20,18,16.5,14.5,13,12,10.5,9.5,8.5,8,5,3.5,2.5,1.5,0.5,0.5,0.5,0.5,0.5
12/10/2018,2964,2169,1774,1602,1382,1188.5,,998.5,,,812.5,,722.5,,634.5,,,549.5,,508.5,488.5,468.5,449,429.5,410.5,392,373.5,355.5,338,321,304.5,288,272,257,242,227.5,213.5,200,187,174.5,162.5,151.5,140.5,130,120.5,111,102.5,94,86.5,79,72.5,66,60.5,55,50,45.5,41,37,33.5,30.5,27.5,25,22.5,20,18,16.5,14.5,13,12,11,9.5,8.5,8,7,5,3.5,2.5,1.5,1,0.5,0.5,0.5,0.5
15/10/2018,2996.5,2201.5,1806,1634,1413.5,1219.5,,1028,,,840.5,,749,,659.5,,,572.5,,530.5,510,489.5,469,449,429.5,410,391,372.5,354.5,336.5,319,302,285,269,253,238,223,209,195,182,169.5,157.5,146,135,124.5,114.5,105.5,96.5,88.5,80.5,73.5,67,61,55,50,45,40.5,36.5,33,29.5,26.5,24,21.5,19,17,15.5,14,12.5,11,10,9,8,7.5,6.5,4.5,3,2,1.5,1,0.5,0.5,0.5,0.5
16/10/2018,3025.5,2230,1834,1661.5,1441,1246,,1053,,,864,,771,,680,,,592,,548.5,527.5,506.5,485.5,465,445,425,405.5,386,367,348.5,330.5,312.5,295.5,278.5,262,246,231,216,201.5,187.5,174.5,161.5,149.5,138,127,117,107,98,89.5,81.5,74,67,60.5,55,49.5,44.5,40,36,32,29,26,23,20.5,18.5,16.5,14.5,13,12,10.5,9.5,8.5,7.5,7,6,4,3,2,1.5,1,0.5,0.5,0.5,0.5
17/10/2018,3011.5,2216.5,1820.5,1648.5,1427.5,1233,,1041,,,852,,760,,669.5,,,581.5,,538.5,517.5,496.5,476,455.5,435.5,416,396.5,377,358.5,340,322,304.5,287,270.5,254.5,238.5,223.5,208.5,194.5,180.5,167.5,155,143.5,132,121,111,101.5,92.5,84.5,76.5,69.5,62.5,56.5,51,45.5,41,36.5,32.5,29,26,23,20.5,18.5,16.5,14.5,13,11.5,10,9,8,7.5,6.5,6,5,3.5,2.5,2,1,1,0.5,0.5,0.5,0.5
18/10/2018,2999.5,2204,1808,1635.5,1414.5,1220,,1028,,,839.5,,747.5,,657.5,,,570,,527.5,506.5,486,465.5,445.5,425.5,406,387,368,349.5,331,313.5,296,279,262.5,246.5,231,216,201.5,187.5,174,161,149,137,126,115.5,105.5,96,87.5,79,71.5,64,57.5,51.5,46,41,36.5,32,28.5,25,22,19,17,14.5,12.5,11,9.5,8.5,7,6.5,5.5,4.5,4,3.5,3,2,1,0.5,0.5,1,0.5,0.5,0.5,0.5
19/10/2018,3019.5,2224,1828.5,1656,1435.5,1241,,1049,,,860,,767,,676.5,,,587.5,,544.5,523,502,481,460.5,440,419.5,400,380.5,361,342.5,324,306,288,271,254.5,238,222,207,192.5,178,164.5,151.5,139.5,127.5,116.5,106,96.5,87,78.5,70.5,63.5,56.5,50.5,45,40,35,31,27.5,24,21,18.5,16.5,14,12.5,11,9.5,8.5,7.5,6.5,5.5,5,4.5,4,3.5,2.5,1.5,1,0.5,0.5,0.5,0.5,0.5,0.5
22/10/2018,3015,2218,1821.5,1649,1428,1233,,1040.5,,,852,,759.5,,669,,,581.5,,538.5,517.5,496.5,475.5,455.5,435,415.5,396,376.5,358,339.5,321,303.5,286,269.5,253,237,221.5,206.5,192,178.5,165,152,140,128.5,117.5,107.5,97.5,88.5,80,72,64.5,58,51.5,46,40.5,36,31.5,28,24.5,21.5,18.5,16.5,14,12.5,10.5,9.5,8,7,6,5.5,4.5,4,3.5,3,2,1,1,0.5,0.5,0.5,0.5,0.5,0.5
23/10/2018,2936.5,2140.5,1744.5,1572.5,1353,1159.5,,969.5,,,784,,694,,606.5,,,522,,481,461,441,421.5,402,383.5,364.5,346.5,328.5,311,294,277.5,261,245.5,229.5,214.5,200,186,172.5,160,148,136.5,125.5,115.5,105.5,96.5,88,79.5,72,65,58,52,46.5,41.5,37,32.5,29,25.5,22.5,19.5,17,15,13,11.5,10,8.5,7.5,6.5,5.5,5,4.5,4,3.5,3,2.5,1.5,1,0.5,0.5,0.5,0.5,0.5,0.5,0.5
24/10/2018,2931.5,2135.5,1739.5,1567.5,1347.5,1154.5,,964,,,779,,689,,601,,,516.5,,475.5,455.5,435.5,416,397,378,359.5,341,323.5,306,289,272.5,256,240.5,225,210.5,196.5,182.5,169.5,157,144.5,133.5,122.5,112,102.5,93,84.5,76.5,69,62,55.5,50,44.5,39.5,35,31,27.5,24,21,18.5,16,14,12.5,10.5,9.5,8,7,6,5.5,4.5,4,3.5,3,2.5,2.5,1.5,1,0.5,0.5,0.5,0.5,0.5,0.5,0.5
25/10/2018,2968.5,2172,1776,1603.5,1383.5,1189.5,,998.5,,,812,,721,,632,,,546,,504.5,484,463.5,443.5,424,404.5,385.5,366.5,348,330,312.5,295,278.5,262,246,230.5,215.5,201,187,173.5,161,148.5,136.5,125.5,115,105,95.5,87,78.5,71,63.5,57,51,45.5,40.5,36,31.5,28,24.5,21.5,19,16.5,14.5,12.5,11,9.5,8,7,6,5.5,4.5,4,3.5,3,2.5,1.5,1,0.5,0.5,0.5,0.5,0.5,0.5,0.5
26/10/2018,2873.5,2079,1684.5,1513,1294.5,1103,,915,,,732.5,,644.5,,559.5,,,477.5,,438.5,419,400,381.5,363.5,345.5,328,310.5,294,277.5,261.5,246,231,216.5,202.5,189,176,163.5,151.5,140.5,129.5,119,109.5,100,91.5,83.5,75.5,68.5,62,56,50.5,45,40.5,36,32,28.5,25.5,22.5,20,17.5,15.5,13.5,12,10.5,9,8,7,6,5.5,4.5,4,3.5,3,3,2.5,1.5,1,0.5,0.5,0.5,0.5,0.5,0.5,0.5
29/10/2018,3004.5,2208.5,1812.5,1640.5,1420,1226,,1035,,,847.5,,756,,666.5,,,580,,537.5,516.5,496,476,455.5,436,416.5,397,378.5,360,341.5,324,306.5,289.5,273,257,241,226,211.5,197,183.5,170.5,158,146,134.5,123.5,113,103.5,94.5,85.5,77.5,70,63,57,51,45.5,40.5,36,32,28,25,22,19,17,14.5,13,11,10,8.5,7.5,6.5,5.5,5,4,3.5,2,1.5,1,0.5,0.5,0.5,0.5,0.5,0.5
30/10/2018,3013.5,2217.5,1821.5,1649.5,1429,1235,,1043.5,,,856.5,,764.5,,675,,,588,,545.5,524.5,504,483.5,463,443.5,423.5,404.5,385.5,366.5,348.5,330.5,313,295.5,279,262.5,247,231.5,216.5,202.5,188.5,175,162.5,150.5,138.5,127.5,117,107.5,98,89,81,73.5,66.5,60,54,48,43,38.5,34.5,30.5,27,24,21.5,19,16.5,14.5,13,11.5,10,9,8,7,6,5.5,5,3,2,1.5,0.5,0.5,0.5,0.5,0.5,0.5
31/10/2018,3105,2308,1911,1738,1516.5,1320.5,,1127,,,936.5,,842.5,,750.5,,,660,,616,594,572.5,551,529.5,508.5,488,467.5,447,427,407.5,388,369,350,332,314,296.5,279.5,262.5,246.5,231,215.5,201,187,173.5,160.5,148,136,125,114.5,104.5,95,86,78,70,63,56.5,50.5,45,40,35.5,31.5,28,24.5,21.5,19,16.5,14.5,12.5,11,9.5,8.5,7.5,6.5,5.5,3.5,2,1.5,0.5,0.5,0.5,0.5,0.5,0.5
01/11/2018,3061.5,2264,1867,1694,1472.5,1276.5,,1083,,,893,,800,,708.5,,,619,,575.5,554,532.5,511.5,490.5,470,450,430,410,390.5,371.5,353,334.5,316.5,299,281.5,265,249,233,218,203,189,175,162,149.5,137.5,126,115.5,105,95.5,86.5,78,70.5,63,56.5,50,44.5,39.5,35,30.5,27,23.5,20.5,17.5,15.5,13,11.5,9.5,8.5,7,6,5,4.5,4,3,1.5,1,0.5,0.5,0.5,0.5,0.5,0.5,0.5
02/11/2018,3062.5,2265,1867.5,1694.5,1472.5,1277,,1083,,,892.5,,799,,707,,,617,,573,551.5,530,509,488,467,446.5,426.5,406.5,387,367.5,349,330,312,294.5,277,260.5,244,228,213,198,183.5,170,157,144.5,132.5,121.5,110.5,100.5,91,82.5,74,66.5,59.5,53,47,41.5,37,32.5,28.5,25,21.5,19,16.5,14,12.5,10.5,9,8,7,6,5,4.5,4,3.5,2,1,0.5,0.5,0.5,0.5,0.5,0.5,0.5
05/11/2018,3079.5,2282,1884.5,1711,1488.5,1292,,1097,,,905,,810.5,,717.5,,,626.5,,582,560,538.5,517,495.5,474.5,453.5,433,413,393,373.5,354.5,335.5,317,299,281.5,264.5,248,232,216.5,201.5,187,173,159.5,146.5,134.5,122.5,111.5,101.5,92,83,74.5,67,60,53.5,47.5,42,37,32.5,29,25,22,19,17,14.5,13,11.5,10,9,7.5,7,6,5.5,5,4,2.5,2,1,0.5,0.5,0.5,0.5,0.5,0.5
06/11/2018,3012,2214.5,1817,1643.5,1421.5,1225,,1031,,,840.5,,747,,655.5,,,566.5,,523,502,480.5,460,439,419,399,379,360,341,322.5,304,286.5,269,252.5,236,220,205,190,176,162.5,149.5,137,125,114,103.5,93.5,84.5,76,68,60.5,53.5,47.5,41.5,36.5,32,28,24,21,18,15.5,13,11,9.5,8,7,6,5,4,3.5,3,2.5,2,1.5,1.5,0.5,0.5,1,0.5,0.5,0.5,0.5,0.5,0.5
07/11/2018,3075,2277,1879,1705,1482.5,1285.5,,1089.5,,,896.5,,801.5,,707.5,,,615.5,,570.5,548,526,504.5,482.5,461,440,419,398.5,378.5,358.5,339,320,301,283,265,247.5,231,214.5,199,183.5,169,155.5,142,129.5,117.5,106.5,96,86.5,77.5,69,61.5,54,48,42,37,32,28,24.5,21,18,15.5,13.5,11.5,10,8.5,7.5,6.5,5.5,4.5,4,3.5,3,2.5,2.5,1.5,1,0.5,0.5,0.5,0.5,0.5,0.5,0.5
08/11/2018,3106,2308.5,1910.5,1736.5,1513.5,1316,,1119.5,,,925,,829,,734,,,641,,595,572.5,550,527.5,505.5,483.5,462,440.5,419.5,398.5,378,358,338,318.5,299.5,281,263,245.5,228.5,212,196,180.5,166,152,139,126,114.5,103,92.5,83,74,65.5,58,51,45,39,34,29.5,25.5,22,19,16,14,12,10,8.5,7,6,5,4.5,3.5,3,2.5,2.5,2,1,0.5,0.5,0.5,0.5,0.5,0.5,0.5,0.5
09/11/2018,3081,2282.5,1884,1710,1487,1289.5,,1093.5,,,900,,804.5,,710.5,,,618.5,,573.5,551,529,507,485.5,464,443,422,401.5,381,361.5,342,322.5,304,285.5,267.5,250,233.5,217,201,186,171.5,157.5,144,131.5,119.5,108,97.5,87.5,78.5,70,62,54.5,48,42,37,32,27.5,24,20.5,17.5,15,12.5,11,9,7.5,6.5,5.5,4.5,4,3.5,3,2.5,2,1.5,1,0.5,0.5,0.5,0.5,0.5,0.5,0.5,0.5
12/11/2018,3034.5,2236.5,1838.5,1664.5,1441.5,1244.5,,1049.5,,,856.5,,762,,669,,,578.5,,534,512.5,491,469.5,448.5,427.5,407,387,367,347.5,328.5,310,291.5,274,256.5,239.5,223.5,207.5,192.5,178,164,150.5,138,126,114.5,103.5,93.5,84,75,67,59.5,52.5,46.5,40.5,35.5,31,27,23.5,20,17.5,15,13,11,9.5,8,7,6,5,4.5,3.5,3,2.5,2.5,2,1.5,1,0.5,0.5,0.5,0.5,0.5,0.5,0.5,0.5
13/11/2018,3027,2229.5,1832,1658.5,1436,1239.5,,1044.5,,,852,,757.5,,664,,,573,,528.5,506.5,485,463.5,442,421,400.5,380,360,340.5,321,302.5,284,266,248.5,231.5,215,199.5,184,169.5,155.5,142.5,129.5,118,106.5,96,86.5,77.5,69,61,54,48,42,37,32,28,24.5,21,18.5,16,13.5,11.5,10,8.5,7.5,6.5,5.5,5,4,3.5,3,3,2.5,2,2,1,1,0.5,0.5,0.5,0.5,0.5,0.5,0.5
14/11/2018,3008,2210,1812,1638.5,1416,1219.5,,1024.5,,,832.5,,738.5,,646,,,556,,512,490.5,469.5,448,427.5,407,386.5,367,347.5,328.5,309.5,291.5,273.5,256.5,239.5,223,207.5,192.5,178,164,150.5,138,126,114.5,103.5,93.5,84.5,75.5,67.5,60,53.5,47,41.5,36.5,32,27.5,24,21,18,15.5,13,11.5,9.5,8.5,7,6,5,4.5,3.5,3,2.5,2.5,2,1.5,1.5,1,0.5,0.5,0.5,0.5,0.5,0.5,0.5,0.5
15/11/2018,3003.5,2206.5,1809.5,1636,1414.5,1218.5,,1024.5,,,833.5,,740,,648,,,558.5,,515,493.5,472,451,430.5,410,390,370,350.5,331.5,312.5,294.5,276.5,259,242.5,226,210,195,180,166,152.5,139.5,127.5,116,105,95,85.5,76.5,68.5,61,54,47.5,42,37,32,28,24.5,21,18,15.5,13.5,11.5,10,8.5,7.5,6,5.5,4.5,4,3.5,3,2.5,2,2,1.5,1,0.5,0.5,0.5,0.5,0.5,0.5,0.5,0.5
16/11/2018,3016.5,2219,1821,1647.5,1425.5,1228.5,,1033.5,,,841.5,,747,,654,,,563,,519,497,475,453.5,432.5,411.5,391,370.5,350.5,331,312,293,274.5,257,239.5,222.5,206.5,190.5,175.5,161,147,134,121.5,110,99,88.5,79,70.5,62,55,48,42,36.5,32,27.5,23.5,20.5,17.5,15,13,11,9.5,8,7,6,5,4.5,3.5,3,3,2.5,2,2,1.5,1.5,1,1,0.5,0.5,0.5,0.5,0.5,0.5,0.5
19/11/2018,2983.5,2185.5,1788,1614.5,1392,1195.5,,1001,,,809,,715,,622.5,,,532.5,,489,467,446,425,404,383.5,363,343.5,324,305,286,268,250.5,233,216.5,200,184.5,170,155.5,142,129,117,105.5,94.5,84.5,75,66.5,58.5,51.5,45,39,33.5,29,25,21.5,18,15.5,13,11,9,8,6.5,5.5,4.5,4,3.5,2.5,2.5,2,1.5,1.5,1,1,1,1,0.5,0.5,0.5,0.5,0.5,0.5,0.5,0.5,0.5
20/11/2018,2932.5,2135.5,1738,1565,1344,1148.5,,956,,,767,,674.5,,584.5,,,497,,454.5,434,413.5,393,373,353.5,334,315,296.5,278.5,261,244,227,211,195.5,180.5,166,152,139,126.5,114.5,103.5,93,83.5,74,66,58,51,44.5,39,34,29,25,21.5,18.5,15.5,13,11,9.5,8,6.5,5.5,5,4,3.5,3,2.5,2,2,1.5,1.5,1,1,1,1,0.5,0.5,0.5,0.5,0.5,0.5,0.5,1,1
21/11/2018,3043.5,2245.5,1847,1673.5,1450.5,1253.5,,1057.5,,,864.5,,769.5,,676,,,584.5,,539.5,517.5,495.5,474,452.5,431,410,389.5,369,349,329.5,310.5,291.5,273.5,255.5,238,221,204.5,189,174,159,145.5,132.5,120,108.5,98,87.5,78.5,69.5,61,54,47,41,36,31,27,23,20,17.5,15,12.5,11,9,8,6.5,5.5,5,4,3.5,3,2.5,2,2,1.5,1.5,1,0.5,0.5,0.5,0.5,0.5,0.5,1,1
22/11/2018,2957,2159.5,1762,1589,1367,1171,,976.5,,,786,,692,,600.5,,,511.5,,468,446.5,425.5,404.5,384,364,344,324.5,305.5,287,268.5,251,233.5,217,200.5,185,170,156,142,129.5,117,105.5,94.5,84.5,75,66.5,58.5,51.5,45,39,33.5,29,25,21.5,18,15.5,13,11.5,10,8.5,7.5,6.5,5.5,5,4.5,4,3.5,3,3,2.5,2.5,2,2,2,1.5,1.5,1,1,0.5,0.5,0.5,0.5,0.5,1
23/11/2018,2948,2150,1752.5,1579,1357,1160.5,,966,,,774.5,,681,,589.5,,,500.5,,457,435.5,414.5,394,373.5,353.5,334,314.5,295.5,277,259.5,242,225,208.5,192.5,177.5,162.5,148.5,135.5,123,111,100,89.5,79.5,70.5,62.5,55,48,41.5,36,31,26.5,22.5,19.5,16.5,13.5,11.5,9.5,8,6.5,5.5,4.5,4,3,2.5,2,2,1.5,1,1,1,0.5,0.5,0.5,0.5,0.5,1,1,0.5,0.5,0.5,0.5,0.5,1
26/11/2018,3037,2239,1840.5,1666.5,1443.5,1246,,1050,,,856.5,,761,,667,,,574.5,,529.5,507.5,485,463.5,442,420.5,399.5,378.5,358,338,318.5,299.5,280.5,262,244.5,227,210.5,194,178.5,163.5,149.5,136,123,111,100,89.5,79.5,70.5,62,54.5,47.5,41.5,36,31,26.5,23,19.5,16.5,14,12,10,8.5,7,6,5,4,3.5,3,2.5,2,2,1.5,1.5,1,1,0.5,0.5,0.5,0.5,0.5,0.5,0.5,0.5,1
27/11/2018,3018.5,2220.5,1822,1648,1425,1227.5,,1031.5,,,838.5,,743,,649.5,,,557.5,,513,490.5,469,447,426,404.5,384,363.5,343,323.5,304,285,266.5,248.5,231,214.5,198,182.5,167,152.5,139,126,113.5,102,91.5,81.5,72,63.5,55.5,48.5,42,36.5,31,26.5,22.5,19,16,13.5,11.5,9.5,8,6.5,5.5,4.5,3.5,3,2.5,2,1.5,1.5,1,1,1,0.5,0.5,0.5,0.5,0.5,0.5,0.5,0.5,0.5,0.5,1
28/11/2018,3001.5,2203,1804.5,1630.5,1407.5,1210.5,,1014.5,,,821,,726.5,,633,,,542,,497.5,475.5,454,432.5,411.5,390.5,370,350,330,310.5,291.5,273,255,237.5,220.5,204,188.5,173,158.5,145,131.5,119,107.5,96.5,86,76.5,68,59.5,52.5,45.5,39.5,34,29.5,25,21.5,18,15,13,10.5,9,7.5,6,5,4,3.5,3,2.5,2,1.5,1.5,1,1,0.5,0.5,0.5,0.5,0.5,0.5,0.5,0.5,0.5,0.5,0.5,1
29/11/2018,3052.5,2254,1855.5,1681.5,1458.5,1261,,1065,,,871,,775,,680.5,,,588,,543,520.5,498,476,454.5,433,411.5,391,370,350,330,310.5,291.5,273,254.5,237,220,203.5,187.5,172.5,157.5,144,130.5,118,106.5,95.5,85,76,67,59,52,45,39.5,34,29.5,25,21.5,18.5,15.5,13.5,11.5,9.5,8,7,5.5,5,4,3.5,3,2.5,2,2,1.5,1.5,1,0.5,0.5,0.5,0.5,0.5,0.5,0.5,0.5,1
30/11/2018,2963,2164.5,1766.5,1592.5,1369.5,1172,,976.5,,,783.5,,688.5,,595.5,,,504.5,,460.5,439,417.5,396,375.5,355,334.5,315,295.5,277,258.5,240.5,223,206.5,190.5,175,160,146,132.5,120,108,97,86.5,77,68.5,60,53,46.5,40.5,35,30.5,26,22.5,19,16.5,14,12,10.5,9,7.5,6.5,5.5,4.5,4,3.5,3,2.5,2.5,2,2,1.5,1.5,1.5,1,1,0.5,0.5,0.5,0.5,0.5,0.5,0.5,0.5,0.5
03/12/2018,3072.5,2273.5,1875,1700.5,1477,1279,,1082,,,887,,790.5,,695,,,601.5,,555,532.5,509.5,487.5,465,443,421.5,400,378.5,358,337.5,317,297.5,278,259.5,241,223.5,206,189.5,173.5,158.5,144,130,117,105,93.5,83,73,64,56,48.5,42,36,31,26,22,18.5,15.5,13,11,9,7.5,6.5,5,4.5,3.5,3,2.5,2,2,1.5,1.5,1,1,1,0.5,0.5,0.5,0.5,0.5,0.5,0.5,0.5,0.5
04/12/2018,3025,2227,1828,1654,1430.5,1233,,1036,,,841.5,,745.5,,650.5,,,558,,512.5,490,467.5,445.5,424,402.5,381,360.5,340,320,300,281,262,243.5,226,208.5,192,176,161,146.5,132.5,119.5,107.5,96,85,75,66,58,50,43,37,31.5,26.5,22.5,19,16,13.5,11,9.5,8,6.5,5.5,4.5,4,3,2.5,2,2,1.5,1.5,1,1,1,0.5,0.5,0.5,0.5,0.5,0.5,0.5,0.5,0.5,0.5,0.5
05/12/2018,2928,2130,1731.5,1558,1335,1138,,943,,,751.5,,658,,566,,,477,,434,413,392,371.5,351.5,331.5,312,293,274.5,256.5,239,222,205.5,189.5,174.5,159.5,145.5,132.5,120,108,97,86.5,77,68,60,52.5,45.5,39.5,34,29.5,25,21,18,15,12.5,10.5,9,7.5,6.5,5.5,4.5,3.5,3,2.5,2,2,1.5,1.5,1,1,1,1,0.5,0.5,0.5,0.5,0.5,0.5,0.5,0.5,0.5,0.5,0.5,0.5
06/12/2018,2668.5,1873.5,1479,1307.5,1089.5,899,,713.5,,,536.5,,452.5,,373.5,,,299.5,,265.5,249,233,217.5,202.5,188,174,161,148,136,124.5,113.5,103.5,93.5,84.5,76.5,68.5,61,54.5,48.5,43,38,33.5,29,25.5,22,19.5,16.5,14.5,12.5,10.5,9,8,7,6,5,4.5,3.5,3,2.5,2.5,2,1.5,1.5,1.5,1,1,1,1,0.5,0.5,0.5,0.5,0.5,0.5,0.5,0.5,0.5,0.5,0.5,0.5,0.5,0.5,0.5
07/12/2018,2787.5,1991,1595,1422.5,1202.5,1009.5,,820,727,,636,,548,505,463,422,,382,,343.5,325,306.5,289,271.5,254.5,238,222,207,192,178,164,151,138.5,127,115.5,105,95.5,86,77.5,69.5,62,55.5,49,43.5,38.5,34,29.5,26,22.5,19.5,17,15,13,11,9.5,8.5,7,6,5.5,4.5,4,3.5,3,2.5,2.5,2,2,1.5,1.5,1.5,1,1,1,1,0.5,0.5,0.5,0.5,0.5,0.5,0.5,0.5,0.5
10/12/2018,2727.5,1930,1534.5,1362.5,1143.5,952,,765,674,,585,,499,457,416.5,377,,338.5,,302,284,266.5,250,233.5,217.5,202,187.5,173,159.5,146.5,134,122,111,100.5,91,82,73.5,65.5,58.5,51.5,45.5,40,35.5,31,27,23.5,20.5,17.5,15,13,11,9.5,8,7,6,5,4.5,3.5,3,2.5,2.5,2,1.5,1.5,1,1,1,0.5,0.5,0.5,0.5,0.5,0.5,0.5,0.5,0.5,0.5,0.5,0.5,0.5,0.5,0.5,0.5
11/12/2018,2829,2031,1633.5,1460.5,1239,1043.5,,851,756,,663,,571.5,527,483.5,440.5,,399,,358.5,339,319.5,300.5,282,264,246.5,229.5,213.5,197.5,182,167.5,153.5,140.5,127.5,116,104.5,94,84.5,75,67,59,52,46,40,35,30,26,22.5,19.5,16.5,14,12,10.5,8.5,7.5,6.5,5.5,4.5,4,3.5,3,2.5,2,1.5,1.5,1.5,1,1,1,0.5,0.5,0.5,0.5,0.5,0.5,0.5,0.5,0.5,0.5,0.5,0.5,0.5,0.5
12/12/2018,2880.5,2082,1684,1510.5,1288,1091.5,,897,801,,706.5,,614,568.5,523.5,479,,436,,394,373.5,353,333,313.5,294.5,276,257.5,240,223,206.5,190.5,175,160.5,146.5,133.5,121,109,98,87.5,78,69.5,61,54,47,41,35.5,31,26.5,23,19.5,17,14.5,12,10.5,9,7.5,6.5,5.5,4.5,4,3.5,3,2.5,2,2,1.5,1.5,1.5,1,1,1,1,1,0.5,0.5,0.5,0.5,0.5,0.5,0.5,0.5,0.5,0.5
13/12/2018,2869,2070,1671.5,1497.5,1274.5,1077.5,,882,785.5,,690,,596.5,550.5,505,460.5,,416.5,,374,353.5,333,313,293.5,274.5,256,238,220.5,203.5,187,171.5,156.5,142.5,129,116,104.5,93,83,73.5,64.5,56.5,49.5,43,37,32,27.5,23.5,20,17,14,12,10,8.5,7,6,5,4,3.5,3,2.5,2,2,1.5,1.5,1,1,1,0.5,0.5,0.5,0.5,0.5,0.5,0.5,,,,,,,,,
14/12/2018,2827,2028,1629.5,1455.5,1233,1036,,841,745,,650,,557,511.5,467,423,,380,,338.5,318,298.5,279,260,241.5,224,206.5,190,174,158.5,144,130.5,117,105,93.5,83,73,64,56,48.5,42,36,30.5,26,22,18.5,15.5,13,11,9,7.5,6.5,5.5,4.5,3.5,3,2.5,2,2,1.5,1.5,1,1,1,0.5,0.5,0.5,0.5,0.5,0.5,0.5,0.5,0.5,0.5,,,,,,,,,
17/12/2018,2776.5,1977.5,1578.5,1405,1182,986,,792,697,,603.5,,512,467,423.5,381.5,,340,,300,281,262,243.5,226,208.5,192,176.5,161,146,132,119,106.5,95,84,74,65,56.5,49,42,36,30.5,26,22,18.5,15.5,12.5,10.5,9,7,6,5,4,3.5,3,2.5,2,1.5,1.5,1,1,1,1,0.5,0.5,0.5,0.5,0.5,0.5,0.5,0.5,0.5,0.5,0.5,0.5,,,,,,,,,
18/12/2018,2708,1909,1510.5,1337,1115,919.5,,727,633,,541,,452,409,367,326.5,,287.5,,250.5,232.5,215,198.5,182,166.5,151.5,137.5,124,111.5,99.5,88.5,78,68.5,60,52,45,38.5,33,28,24,20,17,14,11.5,9.5,8,6.5,5.5,4.5,4,3,2.5,2,2,1.5,1.5,1,1,1,1,0.5,0.5,0.5,0.5,0.5,0.5,0.5,0.5,0.5,0.5,0.5,0.5,0.5,0.5,,,,,,,,,
19/12/2018,2777.5,1978.5,1580,1406.5,1184,987.5,,793,697,,602.5,,510,465,421,378,,337,,297,277.5,258.5,240.5,222.5,205.5,188.5,172.5,157,142,128,115,102.5,91,80.5,70.5,61.5,53.5,46,39.5,33.5,28,23.5,20,16.5,14,12,10,8,6.5,5.5,4.5,4,3,2.5,2.5,2,1.5,1.5,1,1,1,1,0.5,0.5,0.5,0.5,0.5,0.5,0.5,0.5,0.5,0.5,0.5,0.5,,,,,,,,,
20/12/2018,2711,1912.5,1514,1340,1117.5,921.5,,729,634.5,,542,,452.5,409,367,326,,286.5,,249,231.5,214,197,181,165.5,150.5,136.5,123,110.5,98.5,87.5,77.5,68,59.5,51.5,44.5,38,32.5,27.5,23,19.5,16,13,11,9,7,6,4.5,4,3,2.5,2,1.5,1,1,1,0.5,0.5,0.5,0.5,0.5,,,,,,,,,,,,,,,,,,,,,,
21/12/2018,2701,1902,1503,1329,1106,909,,715,620,,527,,437,393.5,351.5,310.5,,271.5,,234,216.5,199.5,183,167,151.5,137,123,109.5,97.5,86,76,66.5,57.5,49.5,42,36,30.5,25.5,21.5,18,14.5,12,10,8,6.5,5.5,4.5,3.5,2.5,2,1.5,1.5,1,1,0.5,0.5,0.5,0.5,,,,,,,,,,,,,,,,,,,,,,,,,
24/12/2018,2672,1873.5,1475,1301,1078,881.5,,688,594,,502,,413.5,370.5,329,289,,251,,215,197.5,181,165,149.5,135,121,108,96,84.5,74.5,64.5,56,48,41,34.5,29,24.5,20,16.5,13.5,11,9,7.5,6,4.5,3.5,3,2.5,2,1.5,1,1,0.5,0.5,0.5,0.5,0.5,0.5,,,,,,,,,,,,,,,,,,,,,,,,,
25/12/2018,2672,1873.5,1475,1301,1078,881.5,,688,594,,502,,413.5,370.5,329,289,,251,,215,197.5,181,165,149.5,135,121,108,96,84.5,74.5,64.5,56,48,41,34.5,29,24.5,20,16.5,13.5,11,9,7.5,6,4.5,3.5,3,2.5,2,1.5,1,1,0.5,0.5,0.5,0.5,0.5,0.5,,,,,,,,,,,,,,,,,,,,,,,,,
26/12/2018,2672,1873.5,1475,1301,1078,881.5,,688,594,,502,,413.5,370.5,329,289,,251,,215,197.5,181,165,149.5,135,121,108,96,84.5,74.5,64.5,56,48,41,34.5,29,24.5,20,16.5,13.5,11,9,7.5,6,4.5,3.5,3,2.5,2,1.5,1,1,0.5,0.5,0.5,0.5,0.5,0.5,,,,,,,,,,,,,,,,,,,,,,,,,
27/12/2018,2589.5,1790.5,1392.5,1219,997,802.5,,612,520.5,476,433,390.5,349.5,310,272,236,,202,,170,155.5,141,128,115,103,91.5,81,71.5,62.5,54.5,47.5,41,35,30,25.5,21.5,18,15,12,10,8.5,6.5,5.5,4.5,3.5,3,2.5,2,1.5,1,1,1,0.5,0.5,0.5,0.5,0.5,0.5,,,,,,,,,,,,,,,,,,,,,,,,,
28/12/2018,2735.5,1936.5,1537,1363,1139.5,942,844,747,651,604,557,511,465.5,421.5,378,336,315.5,295.5,276,257,238.5,220.5,203,186.5,170.5,155,140,126,112.5,99.5,87.5,76.5,66.5,57.5,49,41.5,34.5,29,24,19.5,16,12.5,10,8,6,5,3.5,3,2,1.5,1,1,0.5,0.5,0.5,,,,,,,,,,,,,,,,,,,,,,,,,,,,
31/12/2018,2720,1921,1521.5,1347,1123.5,926,827.5,730.5,634.5,587,540,493.5,448,403.5,360,318,297.5,277.5,258,239,220.5,202.5,185,168.5,152.5,137.5,123,109.5,97,85,74,64,55,46.5,39,32.5,27,22,17.5,14,11,8.5,6.5,5,3.5,2.5,2,1.5,1,0.5,0.5,0.5,,,,,,,,,,,,,,,,,,,,,,,,,,,,,,,
01/01/2019,2720,1921,1521.5,1347,1123.5,926,827.5,730.5,634.5,587,540,493.5,448,403.5,360,318,297.5,277.5,258,239,220.5,202.5,185,168.5,152.5,137.5,123,109.5,97,85,74,64,55,46.5,39,32.5,27,22,17.5,14,11,8.5,6.5,5,3.5,2.5,2,1.5,1,0.5,0.5,0.5,,,,,,,,,,,,,,,,,,,,,,,,,,,,,,,
02/01/2019,2725.5,1926,1527,1352,1128,930,831.5,733.5,636.5,588.5,541,494,448,402.5,358,315,294,273.5,253.5,234,215,196.5,179,162,146,130.5,115.5,101.5,88.5,76.5,65.5,56,47,39,32,26,21,16.5,13,10,7.5,5.5,4,3,2,1.5,1,0.5,0.5,0.5,0.5,0.5,,,,,,,,,,,,,,,,,,,,,,,,,,,,,,,
03/01/2019,2698.5,1898.5,1499,1324.5,1100.5,902,803.5,705.5,608,560,512.5,465.5,419.5,374.5,330,287.5,267,247.5,227.5,208.5,190,172,155,139,123.5,108.5,95,82.5,71,60,50.5,42,34.5,28,22,17.5,13.5,10,7.5,5.5,4,3,2,1.5,1,0.5,0.5,0.5,0.5,0.5,0.5,0.5,,,,,,,,,,,,,,,,,,,,,,,,,,,,,,,
04/01/2019,2836.5,2036.5,1637,1462,1237.5,1038.5,939,839.5,740.5,691,642,593,544.5,496.5,448.5,401.5,378,355,332,309.5,287.5,265.5,244.5,223.5,203.5,184,165,147,129.5,113.5,98.5,84.5,71.5,60,49.5,40.5,32.5,26,20,15.5,12,9,6.5,4.5,3.5,2.5,1.5,1,1,0.5,0.5,0.5,,,,,,,,,,,,,,,,,,,,,,,,,,,,,,,
07/01/2019,2804.5,2004.5,1605,1430,1205.5,1006,906,806.5,707.5,658,608.5,559.5,510.5,462.5,414.5,367,343.5,320.5,298,275.5,253.5,232,211,191,171.5,152.5,134.5,118,102,87.5,74,62,51.5,42,33.5,27,21,16,12,9,6.5,5,3.5,2.5,2,1.5,1,0.5,0.5,0.5,0.5,,,,,,,,,,,,,,,,,,,,,,,,,,,,,,,,
08/01/2019,2877,2077,1677.5,1502.5,1277.5,1078,978,878.5,778.5,729,679,629.5,580,531,481.5,433,408.5,384.5,360.5,337,313.5,290.5,267.5,245,223,201.5,181,161,142,123.5,106.5,91,76.5,63.5,52,42,33,26,19.5,15,11,8,6,4,3,2,1.5,1,0.5,0.5,0.5,,,,,,,,,,,,,,,,,,,,,,,,,,,,,,,,
09/01/2019,2918.5,2118.5,1719,1544,1319,1119.5,1019.5,919.5,820,770,720.5,670.5,621,571.5,522,472.5,448,423.5,399,375,351,327,303.5,280,256.5,234,212,190,169,149,130,112,95,79.5,65.5,53,42,33,25,19,14,10,7,5,3.5,2,1.5,1,0.5,0.5,,,,,,,,,,,,,,,,,,,,,,,,,,,,,,,,,
10/01/2019,2928,2128,1728.5,1553.5,1328.5,1128.5,1028.5,929,829,779,729.5,679.5,629.5,580,530.5,481,456.5,432,407.5,383,359,334.5,311,287,264,241,218.5,196.5,175,154.5,134.5,116,98.5,82,67.5,54.5,43,33,25,18,13,9,6,4,2.5,1.5,1,0.5,0.5,,,,,,,,,,,,,,,,,,,,,,,,,,,,,,,,,,
11/01/2019,2912.5,2112.5,1713,1538,1313,1113,1013,913,813,763.5,713.5,663.5,613.5,563.5,514,464,439.5,414.5,390,365,340.5,316,292,268,244,220.5,197.5,175,153.5,132.5,112.5,94,77,61.5,48,36.5,27,19.5,13.5,9,6,3.5,2.5,1.5,1,0.5,0.5,,,,,,,,,,,,,,,,,,,,,,,,,,,,,,,,,,,,
14/01/2019,2848,2048,1648,1473.5,1248.5,1048.5,948.5,848.5,749,699,649,599,549,499.5,449.5,400,375.5,350.5,326,301.5,277.5,253.5,229.5,206.5,183.5,161.5,140,120,101,83,67,53,40.5,30,21.5,15,10,7,4.5,3,2,1,0.5,0.5,0.5,0.5,0.5,,,,,,,,,,,,,,,,,,,,,,,,,,,,,,,,,,,,
15/01/2019,2898.5,2098.5,1698.5,1523.5,1298.5,1098.5,998.5,898.5,799,749,699,649,599,549.5,499.5,450,425,400,375.5,350.5,326,301.5,277,252.5,228.5,204.5,181,158.5,136,114.5,94.5,76,59.5,45,33,23.5,16,11,7,4.5,3,2,1.5,1,0.5,0.5,0.5,,,,,,,,,,,,,,,,,,,,,,,,,,,,,,,,,,,,
16/01/2019,2862,2062,1662,1487,1262,1062,962,862,762,712,662,612,562,512,462,412.5,387.5,362.5,337.5,312.5,288,263,238.5,214,189.5,165,141,117.5,94.5,72.5,53,35.5,22.5,13,7.5,4,2.5,1.5,1,0.5,0.5,0.5,,,,,,,,,,,,,,,,,,,,,,,,,,,,,,,,,,,,,,,,,
17/01/2019,2836,2036,1636,1461,1236,1036,936,836,736,686,636,586,536,486,436,386,361,336,311,286,261,236,211,186.5,161.5,137,112.5,88.5,65.5,44,26.5,13.5,6,2.5,1,0.5,0.5,,,,,,,,,,,,,,,,,,,,,,,,,,,,,,,,,,,,,,,,,,,,,,
18/01/2019,2901.5,2101.5,1701.5,1526.5,1301.5,1101.5,1001.5,901.5,801.5,751.5,701.5,651.5,601.5,551.5,501.5,451.5,426.5,401.5,376.5,351.5,326.5,301.5,276.5,251.5,226.5,201.5,176.5,151.5,126.5,101.5,76.5,51.5,26.5,1.5,,,,,,,,,,,,,,,,,,,,,,,,,,,,,,,,,,,,,,,,,,,,,,,,,
